"[[-0.127, -0.957, -0.425, -0.366, 0.427, -3.963], [-0.127, -0.957, -0.425, 1.22, 7.256, -6.524], [-0.104, -0.909, -0.377, -3.171, -6.037, 2.927], [-0.127, -0.957, -0.425, -0.366, 0.427, -3.963], [-0.127, -0.957, -0.425, 1.22, 7.256, -6.524], [-0.104, -0.909, -0.377, -3.171, -6.037, 2.927], [-0.127, -0.957, -0.425, -0.366, 0.427, -3.963], [-0.127, -0.957, -0.425, 1.22, 7.256, -6.524], [-0.104, -0.909, -0.377, -3.171, -6.037, 2.927], [-0.127, -0.957, -0.425, -0.366, 0.427, -3.963], [-0.127, -0.957, -0.425, 1.22, 7.256, -6.524], [-0.104, -0.909, -0.377, -3.171, -6.037, 2.927], [-0.127, -0.957, -0.425, -0.366, 0.427, -3.963], [-0.127, -0.957, -0.425, 1.22, 7.256, -6.524], [-0.104, -0.909, -0.377, -3.171, -6.037, 2.927], [-0.127, -0.957, -0.425, -0.366, 0.427, -3.963], [-0.127, -0.957, -0.425, 1.22, 7.256, -6.524], [-0.104, -0.909, -0.377, -3.171, -6.037, 2.927], [-0.127, -0.957, -0.425, -0.366, 0.427, -3.963], [-0.127, -0.957, -0.425, 1.22, 7.256, -6.524], [-0.104, -0.909, -0.377, -3.171, -6.037, 2.927], [-0.127, -0.957, -0.425, -0.366, 0.427, -3.963]]",1587698763.02083,1587698763.023716,1587698763.265433,1587698763.326361,10
"[[-0.127, -0.957, -0.425, -0.366, 0.427, -3.963], [-0.127, -0.957, -0.425, 1.22, 7.256, -6.524], [-0.104, -0.909, -0.377, -3.171, -6.037, 2.927], [-0.127, -0.957, -0.425, -0.366, 0.427, -3.963], [-0.127, -0.957, -0.425, 1.22, 7.256, -6.524], [-0.104, -0.909, -0.377, -3.171, -6.037, 2.927], [-0.127, -0.957, -0.425, -0.366, 0.427, -3.963], [-0.127, -0.957, -0.425, 1.22, 7.256, -6.524], [-0.104, -0.909, -0.377, -3.171, -6.037, 2.927], [-0.127, -0.957, -0.425, -0.366, 0.427, -3.963], [-0.127, -0.957, -0.425, 1.22, 7.256, -6.524], [-0.104, -0.909, -0.377, -3.171, -6.037, 2.927], [-0.127, -0.957, -0.425, -0.366, 0.427, -3.963], [-0.127, -0.957, -0.425, 1.22, 7.256, -6.524], [-0.104, -0.909, -0.377, -3.171, -6.037, 2.927], [-0.127, -0.957, -0.425, -0.366, 0.427, -3.963], [-0.127, -0.957, -0.425, 1.22, 7.256, -6.524], [-0.104, -0.909, -0.377, -3.171, -6.037, 2.927], [-0.127, -0.957, -0.425, -0.366, 0.427, -3.963], [-0.127, -0.957, -0.425, 1.22, 7.256, -6.524], [-0.104, -0.909, -0.377, -3.171, -6.037, 2.927], [-0.127, -0.957, -0.425, -0.366, 0.427, -3.963]]",1587698764.022381,1587698764.024364,1587698764.032492,1587698764.095263,10
"[[-0.127, -0.957, -0.425, -0.366, 0.427, -3.963], [-0.127, -0.957, -0.425, 1.22, 7.256, -6.524], [-0.104, -0.909, -0.377, -3.171, -6.037, 2.927], [-0.127, -0.957, -0.425, -0.366, 0.427, -3.963], [-0.127, -0.957, -0.425, 1.22, 7.256, -6.524], [-0.104, -0.909, -0.377, -3.171, -6.037, 2.927], [-0.127, -0.957, -0.425, -0.366, 0.427, -3.963], [-0.127, -0.957, -0.425, 1.22, 7.256, -6.524], [-0.104, -0.909, -0.377, -3.171, -6.037, 2.927], [-0.127, -0.957, -0.425, -0.366, 0.427, -3.963], [-0.127, -0.957, -0.425, 1.22, 7.256, -6.524], [-0.104, -0.909, -0.377, -3.171, -6.037, 2.927], [-0.127, -0.957, -0.425, -0.366, 0.427, -3.963], [-0.127, -0.957, -0.425, 1.22, 7.256, -6.524], [-0.104, -0.909, -0.377, -3.171, -6.037, 2.927], [-0.127, -0.957, -0.425, -0.366, 0.427, -3.963], [-0.127, -0.957, -0.425, 1.22, 7.256, -6.524], [-0.104, -0.909, -0.377, -3.171, -6.037, 2.927], [-0.127, -0.957, -0.425, -0.366, 0.427, -3.963], [-0.127, -0.957, -0.425, 1.22, 7.256, -6.524], [-0.104, -0.909, -0.377, -3.171, -6.037, 2.927], [-0.127, -0.957, -0.425, -0.366, 0.427, -3.963]]",1587698765.023056,1587698765.025242,1587698765.036918,1587698765.100879,10
"[[-0.127, -0.957, -0.425, -0.366, 0.427, -3.963], [-0.127, -0.957, -0.425, 1.22, 7.256, -6.524], [-0.104, -0.909, -0.377, -3.171, -6.037, 2.927], [-0.127, -0.957, -0.425, -0.366, 0.427, -3.963], [-0.127, -0.957, -0.425, 1.22, 7.256, -6.524], [-0.104, -0.909, -0.377, -3.171, -6.037, 2.927], [-0.127, -0.957, -0.425, -0.366, 0.427, -3.963], [-0.127, -0.957, -0.425, 1.22, 7.256, -6.524], [-0.104, -0.909, -0.377, -3.171, -6.037, 2.927], [-0.127, -0.957, -0.425, -0.366, 0.427, -3.963], [-0.127, -0.957, -0.425, 1.22, 7.256, -6.524], [-0.104, -0.909, -0.377, -3.171, -6.037, 2.927], [-0.127, -0.957, -0.425, -0.366, 0.427, -3.963], [-0.127, -0.957, -0.425, 1.22, 7.256, -6.524], [-0.104, -0.909, -0.377, -3.171, -6.037, 2.927], [-0.127, -0.957, -0.425, -0.366, 0.427, -3.963], [-0.127, -0.957, -0.425, 1.22, 7.256, -6.524], [-0.104, -0.909, -0.377, -3.171, -6.037, 2.927], [-0.127, -0.957, -0.425, -0.366, 0.427, -3.963], [-0.127, -0.957, -0.425, 1.22, 7.256, -6.524], [-0.104, -0.909, -0.377, -3.171, -6.037, 2.927], [-0.127, -0.957, -0.425, -0.366, 0.427, -3.963]]",1587698766.025542,1587698766.027312,1587698766.037058,1587698766.099204,10
"[[-0.127, -0.957, -0.425, -0.366, 0.427, -3.963], [-0.127, -0.957, -0.425, 1.22, 7.256, -6.524], [-0.104, -0.909, -0.377, -3.171, -6.037, 2.927], [-0.127, -0.957, -0.425, -0.366, 0.427, -3.963], [-0.127, -0.957, -0.425, 1.22, 7.256, -6.524], [-0.104, -0.909, -0.377, -3.171, -6.037, 2.927], [-0.127, -0.957, -0.425, -0.366, 0.427, -3.963], [-0.127, -0.957, -0.425, 1.22, 7.256, -6.524], [-0.104, -0.909, -0.377, -3.171, -6.037, 2.927], [-0.127, -0.957, -0.425, -0.366, 0.427, -3.963], [-0.127, -0.957, -0.425, 1.22, 7.256, -6.524], [-0.104, -0.909, -0.377, -3.171, -6.037, 2.927], [-0.127, -0.957, -0.425, -0.366, 0.427, -3.963], [-0.127, -0.957, -0.425, 1.22, 7.256, -6.524], [-0.104, -0.909, -0.377, -3.171, -6.037, 2.927], [-0.127, -0.957, -0.425, -0.366, 0.427, -3.963], [-0.127, -0.957, -0.425, 1.22, 7.256, -6.524], [-0.104, -0.909, -0.377, -3.171, -6.037, 2.927], [-0.127, -0.957, -0.425, -0.366, 0.427, -3.963], [-0.127, -0.957, -0.425, 1.22, 7.256, -6.524], [-0.104, -0.909, -0.377, -3.171, -6.037, 2.927], [-0.127, -0.957, -0.425, -0.366, 0.427, -3.963]]",1587698767.027057,1587698767.029163,1587698767.038852,1587698767.101494,10
"[[-0.127, -0.957, -0.425, -0.366, 0.427, -3.963], [-0.127, -0.957, -0.425, 1.22, 7.256, -6.524], [-0.104, -0.909, -0.377, -3.171, -6.037, 2.927], [-0.127, -0.957, -0.425, -0.366, 0.427, -3.963], [-0.127, -0.957, -0.425, 1.22, 7.256, -6.524], [-0.104, -0.909, -0.377, -3.171, -6.037, 2.927], [-0.127, -0.957, -0.425, -0.366, 0.427, -3.963], [-0.127, -0.957, -0.425, 1.22, 7.256, -6.524], [-0.104, -0.909, -0.377, -3.171, -6.037, 2.927], [-0.127, -0.957, -0.425, -0.366, 0.427, -3.963], [-0.127, -0.957, -0.425, 1.22, 7.256, -6.524], [-0.104, -0.909, -0.377, -3.171, -6.037, 2.927], [-0.127, -0.957, -0.425, -0.366, 0.427, -3.963], [-0.127, -0.957, -0.425, 1.22, 7.256, -6.524], [-0.104, -0.909, -0.377, -3.171, -6.037, 2.927], [-0.127, -0.957, -0.425, -0.366, 0.427, -3.963], [-0.127, -0.957, -0.425, 1.22, 7.256, -6.524], [-0.104, -0.909, -0.377, -3.171, -6.037, 2.927], [-0.127, -0.957, -0.425, -0.366, 0.427, -3.963], [-0.127, -0.957, -0.425, 1.22, 7.256, -6.524], [-0.104, -0.909, -0.377, -3.171, -6.037, 2.927], [-0.127, -0.957, -0.425, -0.366, 0.427, -3.963]]",1587698768.028742,1587698768.030613,1587698768.039691,1587698768.102196,10
"[[-0.127, -0.957, -0.425, -0.366, 0.427, -3.963], [-0.127, -0.957, -0.425, 1.22, 7.256, -6.524], [-0.104, -0.909, -0.377, -3.171, -6.037, 2.927], [-0.127, -0.957, -0.425, -0.366, 0.427, -3.963], [-0.127, -0.957, -0.425, 1.22, 7.256, -6.524], [-0.104, -0.909, -0.377, -3.171, -6.037, 2.927], [-0.127, -0.957, -0.425, -0.366, 0.427, -3.963], [-0.127, -0.957, -0.425, 1.22, 7.256, -6.524], [-0.104, -0.909, -0.377, -3.171, -6.037, 2.927], [-0.127, -0.957, -0.425, -0.366, 0.427, -3.963], [-0.127, -0.957, -0.425, 1.22, 7.256, -6.524], [-0.104, -0.909, -0.377, -3.171, -6.037, 2.927], [-0.127, -0.957, -0.425, -0.366, 0.427, -3.963], [-0.127, -0.957, -0.425, 1.22, 7.256, -6.524], [-0.104, -0.909, -0.377, -3.171, -6.037, 2.927], [-0.127, -0.957, -0.425, -0.366, 0.427, -3.963], [-0.127, -0.957, -0.425, 1.22, 7.256, -6.524], [-0.104, -0.909, -0.377, -3.171, -6.037, 2.927], [-0.127, -0.957, -0.425, -0.366, 0.427, -3.963], [-0.127, -0.957, -0.425, 1.22, 7.256, -6.524], [-0.104, -0.909, -0.377, -3.171, -6.037, 2.927], [-0.127, -0.957, -0.425, -0.366, 0.427, -3.963]]",1587698769.030987,1587698769.032861,1587698769.043827,1587698769.111085,10
"[[-0.127, -0.957, -0.425, -0.366, 0.427, -3.963], [-0.127, -0.957, -0.425, 1.22, 7.256, -6.524], [-0.104, -0.909, -0.377, -3.171, -6.037, 2.927], [-0.127, -0.957, -0.425, -0.366, 0.427, -3.963], [-0.127, -0.957, -0.425, 1.22, 7.256, -6.524], [-0.104, -0.909, -0.377, -3.171, -6.037, 2.927], [-0.127, -0.957, -0.425, -0.366, 0.427, -3.963], [-0.127, -0.957, -0.425, 1.22, 7.256, -6.524], [-0.104, -0.909, -0.377, -3.171, -6.037, 2.927], [-0.127, -0.957, -0.425, -0.366, 0.427, -3.963], [-0.127, -0.957, -0.425, 1.22, 7.256, -6.524], [-0.104, -0.909, -0.377, -3.171, -6.037, 2.927], [-0.127, -0.957, -0.425, -0.366, 0.427, -3.963], [-0.127, -0.957, -0.425, 1.22, 7.256, -6.524], [-0.104, -0.909, -0.377, -3.171, -6.037, 2.927], [-0.127, -0.957, -0.425, -0.366, 0.427, -3.963], [-0.127, -0.957, -0.425, 1.22, 7.256, -6.524], [-0.104, -0.909, -0.377, -3.171, -6.037, 2.927], [-0.127, -0.957, -0.425, -0.366, 0.427, -3.963], [-0.127, -0.957, -0.425, 1.22, 7.256, -6.524], [-0.104, -0.909, -0.377, -3.171, -6.037, 2.927], [-0.127, -0.957, -0.425, -0.366, 0.427, -3.963]]",1587698770.032456,1587698770.034252,1587698770.042384,1587698770.102341,10
"[[-0.127, -0.957, -0.425, -0.366, 0.427, -3.963], [-0.127, -0.957, -0.425, 1.22, 7.256, -6.524], [-0.104, -0.909, -0.377, -3.171, -6.037, 2.927], [-0.127, -0.957, -0.425, -0.366, 0.427, -3.963], [-0.127, -0.957, -0.425, 1.22, 7.256, -6.524], [-0.104, -0.909, -0.377, -3.171, -6.037, 2.927], [-0.127, -0.957, -0.425, -0.366, 0.427, -3.963], [-0.127, -0.957, -0.425, 1.22, 7.256, -6.524], [-0.104, -0.909, -0.377, -3.171, -6.037, 2.927], [-0.127, -0.957, -0.425, -0.366, 0.427, -3.963], [-0.127, -0.957, -0.425, 1.22, 7.256, -6.524], [-0.104, -0.909, -0.377, -3.171, -6.037, 2.927], [-0.127, -0.957, -0.425, -0.366, 0.427, -3.963], [-0.127, -0.957, -0.425, 1.22, 7.256, -6.524], [-0.104, -0.909, -0.377, -3.171, -6.037, 2.927], [-0.127, -0.957, -0.425, -0.366, 0.427, -3.963], [-0.127, -0.957, -0.425, 1.22, 7.256, -6.524], [-0.104, -0.909, -0.377, -3.171, -6.037, 2.927], [-0.127, -0.957, -0.425, -0.366, 0.427, -3.963], [-0.127, -0.957, -0.425, 1.22, 7.256, -6.524], [-0.104, -0.909, -0.377, -3.171, -6.037, 2.927], [-0.127, -0.957, -0.425, -0.366, 0.427, -3.963]]",1587698771.033914,1587698771.035962,1587698771.045988,1587698771.106539,10
"[[-0.127, -0.957, -0.425, -0.366, 0.427, -3.963], [-0.127, -0.957, -0.425, 1.22, 7.256, -6.524], [-0.104, -0.909, -0.377, -3.171, -6.037, 2.927], [-0.127, -0.957, -0.425, -0.366, 0.427, -3.963], [-0.127, -0.957, -0.425, 1.22, 7.256, -6.524], [-0.104, -0.909, -0.377, -3.171, -6.037, 2.927], [-0.127, -0.957, -0.425, -0.366, 0.427, -3.963], [-0.127, -0.957, -0.425, 1.22, 7.256, -6.524], [-0.104, -0.909, -0.377, -3.171, -6.037, 2.927], [-0.127, -0.957, -0.425, -0.366, 0.427, -3.963], [-0.127, -0.957, -0.425, 1.22, 7.256, -6.524], [-0.104, -0.909, -0.377, -3.171, -6.037, 2.927], [-0.127, -0.957, -0.425, -0.366, 0.427, -3.963], [-0.127, -0.957, -0.425, 1.22, 7.256, -6.524], [-0.104, -0.909, -0.377, -3.171, -6.037, 2.927], [-0.127, -0.957, -0.425, -0.366, 0.427, -3.963], [-0.127, -0.957, -0.425, 1.22, 7.256, -6.524], [-0.104, -0.909, -0.377, -3.171, -6.037, 2.927], [-0.127, -0.957, -0.425, -0.366, 0.427, -3.963], [-0.127, -0.957, -0.425, 1.22, 7.256, -6.524], [-0.104, -0.909, -0.377, -3.171, -6.037, 2.927], [-0.127, -0.957, -0.425, -0.366, 0.427, -3.963]]",1587698772.03633,1587698772.038143,1587698772.049731,1587698772.131509,10
"[[-0.127, -0.957, -0.425, -0.366, 0.427, -3.963], [-0.127, -0.957, -0.425, 1.22, 7.256, -6.524], [-0.104, -0.909, -0.377, -3.171, -6.037, 2.927], [-0.127, -0.957, -0.425, -0.366, 0.427, -3.963], [-0.127, -0.957, -0.425, 1.22, 7.256, -6.524], [-0.104, -0.909, -0.377, -3.171, -6.037, 2.927], [-0.127, -0.957, -0.425, -0.366, 0.427, -3.963], [-0.127, -0.957, -0.425, 1.22, 7.256, -6.524], [-0.104, -0.909, -0.377, -3.171, -6.037, 2.927], [-0.127, -0.957, -0.425, -0.366, 0.427, -3.963], [-0.127, -0.957, -0.425, 1.22, 7.256, -6.524], [-0.104, -0.909, -0.377, -3.171, -6.037, 2.927], [-0.127, -0.957, -0.425, -0.366, 0.427, -3.963], [-0.127, -0.957, -0.425, 1.22, 7.256, -6.524], [-0.104, -0.909, -0.377, -3.171, -6.037, 2.927], [-0.127, -0.957, -0.425, -0.366, 0.427, -3.963], [-0.127, -0.957, -0.425, 1.22, 7.256, -6.524], [-0.104, -0.909, -0.377, -3.171, -6.037, 2.927], [-0.127, -0.957, -0.425, -0.366, 0.427, -3.963], [-0.127, -0.957, -0.425, 1.22, 7.256, -6.524], [-0.104, -0.909, -0.377, -3.171, -6.037, 2.927], [-0.127, -0.957, -0.425, -0.366, 0.427, -3.963]]",1587698773.037804,1587698773.039808,1587698773.053532,1587698773.055803,10
"[[-0.127, -0.957, -0.425, -0.366, 0.427, -3.963], [-0.127, -0.957, -0.425, 1.22, 7.256, -6.524], [-0.104, -0.909, -0.377, -3.171, -6.037, 2.927], [-0.127, -0.957, -0.425, -0.366, 0.427, -3.963], [-0.127, -0.957, -0.425, 1.22, 7.256, -6.524], [-0.104, -0.909, -0.377, -3.171, -6.037, 2.927], [-0.127, -0.957, -0.425, -0.366, 0.427, -3.963], [-0.127, -0.957, -0.425, 1.22, 7.256, -6.524], [-0.104, -0.909, -0.377, -3.171, -6.037, 2.927], [-0.127, -0.957, -0.425, -0.366, 0.427, -3.963], [-0.127, -0.957, -0.425, 1.22, 7.256, -6.524], [-0.104, -0.909, -0.377, -3.171, -6.037, 2.927], [-0.127, -0.957, -0.425, -0.366, 0.427, -3.963], [-0.127, -0.957, -0.425, 1.22, 7.256, -6.524], [-0.104, -0.909, -0.377, -3.171, -6.037, 2.927], [-0.127, -0.957, -0.425, -0.366, 0.427, -3.963], [-0.127, -0.957, -0.425, 1.22, 7.256, -6.524], [-0.104, -0.909, -0.377, -3.171, -6.037, 2.927], [-0.127, -0.957, -0.425, -0.366, 0.427, -3.963], [-0.127, -0.957, -0.425, 1.22, 7.256, -6.524], [-0.104, -0.909, -0.377, -3.171, -6.037, 2.927], [-0.127, -0.957, -0.425, -0.366, 0.427, -3.963]]",1587698774.040149,1587698774.042,1587698774.053729,1587698774.113352,10
"[[-0.127, -0.957, -0.425, -0.366, 0.427, -3.963], [-0.127, -0.957, -0.425, 1.22, 7.256, -6.524], [-0.104, -0.909, -0.377, -3.171, -6.037, 2.927], [-0.127, -0.957, -0.425, -0.366, 0.427, -3.963], [-0.127, -0.957, -0.425, 1.22, 7.256, -6.524], [-0.104, -0.909, -0.377, -3.171, -6.037, 2.927], [-0.127, -0.957, -0.425, -0.366, 0.427, -3.963], [-0.127, -0.957, -0.425, 1.22, 7.256, -6.524], [-0.104, -0.909, -0.377, -3.171, -6.037, 2.927], [-0.127, -0.957, -0.425, -0.366, 0.427, -3.963], [-0.127, -0.957, -0.425, 1.22, 7.256, -6.524], [-0.104, -0.909, -0.377, -3.171, -6.037, 2.927], [-0.127, -0.957, -0.425, -0.366, 0.427, -3.963], [-0.127, -0.957, -0.425, 1.22, 7.256, -6.524], [-0.104, -0.909, -0.377, -3.171, -6.037, 2.927], [-0.127, -0.957, -0.425, -0.366, 0.427, -3.963], [-0.127, -0.957, -0.425, 1.22, 7.256, -6.524], [-0.104, -0.909, -0.377, -3.171, -6.037, 2.927], [-0.127, -0.957, -0.425, -0.366, 0.427, -3.963], [-0.127, -0.957, -0.425, 1.22, 7.256, -6.524], [-0.104, -0.909, -0.377, -3.171, -6.037, 2.927], [-0.127, -0.957, -0.425, -0.366, 0.427, -3.963]]",1587698775.041627,1587698775.043885,1587698775.056509,1587698775.127126,10
"[[-0.127, -0.957, -0.425, -0.366, 0.427, -3.963], [-0.127, -0.957, -0.425, 1.22, 7.256, -6.524], [-0.104, -0.909, -0.377, -3.171, -6.037, 2.927], [-0.127, -0.957, -0.425, -0.366, 0.427, -3.963], [-0.127, -0.957, -0.425, 1.22, 7.256, -6.524], [-0.104, -0.909, -0.377, -3.171, -6.037, 2.927], [-0.127, -0.957, -0.425, -0.366, 0.427, -3.963], [-0.127, -0.957, -0.425, 1.22, 7.256, -6.524], [-0.104, -0.909, -0.377, -3.171, -6.037, 2.927], [-0.127, -0.957, -0.425, -0.366, 0.427, -3.963], [-0.127, -0.957, -0.425, 1.22, 7.256, -6.524], [-0.104, -0.909, -0.377, -3.171, -6.037, 2.927], [-0.127, -0.957, -0.425, -0.366, 0.427, -3.963], [-0.127, -0.957, -0.425, 1.22, 7.256, -6.524], [-0.104, -0.909, -0.377, -3.171, -6.037, 2.927], [-0.127, -0.957, -0.425, -0.366, 0.427, -3.963], [-0.127, -0.957, -0.425, 1.22, 7.256, -6.524], [-0.104, -0.909, -0.377, -3.171, -6.037, 2.927], [-0.127, -0.957, -0.425, -0.366, 0.427, -3.963], [-0.127, -0.957, -0.425, 1.22, 7.256, -6.524], [-0.104, -0.909, -0.377, -3.171, -6.037, 2.927], [-0.127, -0.957, -0.425, -0.366, 0.427, -3.963]]",1587698776.043068,1587698776.04529,1587698776.055737,1587698776.118545,10
"[[-0.127, -0.957, -0.425, -0.366, 0.427, -3.963], [-0.127, -0.957, -0.425, 1.22, 7.256, -6.524], [-0.104, -0.909, -0.377, -3.171, -6.037, 2.927], [-0.127, -0.957, -0.425, -0.366, 0.427, -3.963], [-0.127, -0.957, -0.425, 1.22, 7.256, -6.524], [-0.104, -0.909, -0.377, -3.171, -6.037, 2.927], [-0.127, -0.957, -0.425, -0.366, 0.427, -3.963], [-0.127, -0.957, -0.425, 1.22, 7.256, -6.524], [-0.104, -0.909, -0.377, -3.171, -6.037, 2.927], [-0.127, -0.957, -0.425, -0.366, 0.427, -3.963], [-0.127, -0.957, -0.425, 1.22, 7.256, -6.524], [-0.104, -0.909, -0.377, -3.171, -6.037, 2.927], [-0.127, -0.957, -0.425, -0.366, 0.427, -3.963], [-0.127, -0.957, -0.425, 1.22, 7.256, -6.524], [-0.104, -0.909, -0.377, -3.171, -6.037, 2.927], [-0.127, -0.957, -0.425, -0.366, 0.427, -3.963], [-0.127, -0.957, -0.425, 1.22, 7.256, -6.524], [-0.104, -0.909, -0.377, -3.171, -6.037, 2.927], [-0.127, -0.957, -0.425, -0.366, 0.427, -3.963], [-0.127, -0.957, -0.425, 1.22, 7.256, -6.524], [-0.104, -0.909, -0.377, -3.171, -6.037, 2.927], [-0.127, -0.957, -0.425, -0.366, 0.427, -3.963]]",1587698777.045519,1587698777.047412,1587698777.057415,1587698777.119053,10
"[[-0.127, -0.957, -0.425, -0.366, 0.427, -3.963], [-0.127, -0.957, -0.425, 1.22, 7.256, -6.524], [-0.104, -0.909, -0.377, -3.171, -6.037, 2.927], [-0.127, -0.957, -0.425, -0.366, 0.427, -3.963], [-0.127, -0.957, -0.425, 1.22, 7.256, -6.524], [-0.104, -0.909, -0.377, -3.171, -6.037, 2.927], [-0.127, -0.957, -0.425, -0.366, 0.427, -3.963], [-0.127, -0.957, -0.425, 1.22, 7.256, -6.524], [-0.104, -0.909, -0.377, -3.171, -6.037, 2.927], [-0.127, -0.957, -0.425, -0.366, 0.427, -3.963], [-0.127, -0.957, -0.425, 1.22, 7.256, -6.524], [-0.104, -0.909, -0.377, -3.171, -6.037, 2.927], [-0.127, -0.957, -0.425, -0.366, 0.427, -3.963], [-0.127, -0.957, -0.425, 1.22, 7.256, -6.524], [-0.104, -0.909, -0.377, -3.171, -6.037, 2.927], [-0.127, -0.957, -0.425, -0.366, 0.427, -3.963], [-0.127, -0.957, -0.425, 1.22, 7.256, -6.524], [-0.104, -0.909, -0.377, -3.171, -6.037, 2.927], [-0.127, -0.957, -0.425, -0.366, 0.427, -3.963], [-0.127, -0.957, -0.425, 1.22, 7.256, -6.524], [-0.104, -0.909, -0.377, -3.171, -6.037, 2.927], [-0.127, -0.957, -0.425, -0.366, 0.427, -3.963]]",1587698778.046977,1587698778.048854,1587698778.059421,1587698778.123348,10
"[[-0.127, -0.957, -0.425, -0.366, 0.427, -3.963], [-0.127, -0.957, -0.425, 1.22, 7.256, -6.524], [-0.104, -0.909, -0.377, -3.171, -6.037, 2.927], [-0.127, -0.957, -0.425, -0.366, 0.427, -3.963], [-0.127, -0.957, -0.425, 1.22, 7.256, -6.524], [-0.104, -0.909, -0.377, -3.171, -6.037, 2.927], [-0.127, -0.957, -0.425, -0.366, 0.427, -3.963], [-0.127, -0.957, -0.425, 1.22, 7.256, -6.524], [-0.104, -0.909, -0.377, -3.171, -6.037, 2.927], [-0.127, -0.957, -0.425, -0.366, 0.427, -3.963], [-0.127, -0.957, -0.425, 1.22, 7.256, -6.524], [-0.104, -0.909, -0.377, -3.171, -6.037, 2.927], [-0.127, -0.957, -0.425, -0.366, 0.427, -3.963], [-0.127, -0.957, -0.425, 1.22, 7.256, -6.524], [-0.104, -0.909, -0.377, -3.171, -6.037, 2.927], [-0.127, -0.957, -0.425, -0.366, 0.427, -3.963], [-0.127, -0.957, -0.425, 1.22, 7.256, -6.524], [-0.104, -0.909, -0.377, -3.171, -6.037, 2.927], [-0.127, -0.957, -0.425, -0.366, 0.427, -3.963], [-0.127, -0.957, -0.425, 1.22, 7.256, -6.524], [-0.104, -0.909, -0.377, -3.171, -6.037, 2.927], [-0.127, -0.957, -0.425, -0.366, 0.427, -3.963]]",1587698779.048469,1587698779.050537,1587698779.060454,1587698779.121428,10
"[[-0.127, -0.957, -0.425, -0.366, 0.427, -3.963], [-0.127, -0.957, -0.425, 1.22, 7.256, -6.524], [-0.104, -0.909, -0.377, -3.171, -6.037, 2.927], [-0.127, -0.957, -0.425, -0.366, 0.427, -3.963], [-0.127, -0.957, -0.425, 1.22, 7.256, -6.524], [-0.104, -0.909, -0.377, -3.171, -6.037, 2.927], [-0.127, -0.957, -0.425, -0.366, 0.427, -3.963], [-0.127, -0.957, -0.425, 1.22, 7.256, -6.524], [-0.104, -0.909, -0.377, -3.171, -6.037, 2.927], [-0.127, -0.957, -0.425, -0.366, 0.427, -3.963], [-0.127, -0.957, -0.425, 1.22, 7.256, -6.524], [-0.104, -0.909, -0.377, -3.171, -6.037, 2.927], [-0.127, -0.957, -0.425, -0.366, 0.427, -3.963], [-0.127, -0.957, -0.425, 1.22, 7.256, -6.524], [-0.104, -0.909, -0.377, -3.171, -6.037, 2.927], [-0.127, -0.957, -0.425, -0.366, 0.427, -3.963], [-0.127, -0.957, -0.425, 1.22, 7.256, -6.524], [-0.104, -0.909, -0.377, -3.171, -6.037, 2.927], [-0.127, -0.957, -0.425, -0.366, 0.427, -3.963], [-0.127, -0.957, -0.425, 1.22, 7.256, -6.524], [-0.104, -0.909, -0.377, -3.171, -6.037, 2.927], [-0.127, -0.957, -0.425, -0.366, 0.427, -3.963]]",1587698780.050743,1587698780.052576,1587698780.064625,1587698780.127527,10
"[[-0.127, -0.957, -0.425, -0.366, 0.427, -3.963], [-0.127, -0.957, -0.425, 1.22, 7.256, -6.524], [-0.104, -0.909, -0.377, -3.171, -6.037, 2.927], [-0.127, -0.957, -0.425, -0.366, 0.427, -3.963], [-0.127, -0.957, -0.425, 1.22, 7.256, -6.524], [-0.104, -0.909, -0.377, -3.171, -6.037, 2.927], [-0.127, -0.957, -0.425, -0.366, 0.427, -3.963], [-0.127, -0.957, -0.425, 1.22, 7.256, -6.524], [-0.104, -0.909, -0.377, -3.171, -6.037, 2.927], [-0.127, -0.957, -0.425, -0.366, 0.427, -3.963], [-0.127, -0.957, -0.425, 1.22, 7.256, -6.524], [-0.104, -0.909, -0.377, -3.171, -6.037, 2.927], [-0.127, -0.957, -0.425, -0.366, 0.427, -3.963], [-0.127, -0.957, -0.425, 1.22, 7.256, -6.524], [-0.104, -0.909, -0.377, -3.171, -6.037, 2.927], [-0.127, -0.957, -0.425, -0.366, 0.427, -3.963], [-0.127, -0.957, -0.425, 1.22, 7.256, -6.524], [-0.104, -0.909, -0.377, -3.171, -6.037, 2.927], [-0.127, -0.957, -0.425, -0.366, 0.427, -3.963], [-0.127, -0.957, -0.425, 1.22, 7.256, -6.524], [-0.104, -0.909, -0.377, -3.171, -6.037, 2.927], [-0.127, -0.957, -0.425, -0.366, 0.427, -3.963]]",1587698781.052951,1587698781.054914,1587698781.066589,1587698781.127322,10
"[[-0.127, -0.957, -0.425, -0.366, 0.427, -3.963], [-0.127, -0.957, -0.425, 1.22, 7.256, -6.524], [-0.104, -0.909, -0.377, -3.171, -6.037, 2.927], [-0.127, -0.957, -0.425, -0.366, 0.427, -3.963], [-0.127, -0.957, -0.425, 1.22, 7.256, -6.524], [-0.104, -0.909, -0.377, -3.171, -6.037, 2.927], [-0.127, -0.957, -0.425, -0.366, 0.427, -3.963], [-0.127, -0.957, -0.425, 1.22, 7.256, -6.524], [-0.104, -0.909, -0.377, -3.171, -6.037, 2.927], [-0.127, -0.957, -0.425, -0.366, 0.427, -3.963], [-0.127, -0.957, -0.425, 1.22, 7.256, -6.524], [-0.104, -0.909, -0.377, -3.171, -6.037, 2.927], [-0.127, -0.957, -0.425, -0.366, 0.427, -3.963], [-0.127, -0.957, -0.425, 1.22, 7.256, -6.524], [-0.104, -0.909, -0.377, -3.171, -6.037, 2.927], [-0.127, -0.957, -0.425, -0.366, 0.427, -3.963], [-0.127, -0.957, -0.425, 1.22, 7.256, -6.524], [-0.104, -0.909, -0.377, -3.171, -6.037, 2.927], [-0.127, -0.957, -0.425, -0.366, 0.427, -3.963], [-0.127, -0.957, -0.425, 1.22, 7.256, -6.524], [-0.104, -0.909, -0.377, -3.171, -6.037, 2.927], [-0.127, -0.957, -0.425, -0.366, 0.427, -3.963]]",1587698782.055159,1587698782.05698,1587698782.066518,1587698782.13303,10
"[[-0.127, -0.957, -0.425, -0.366, 0.427, -3.963], [-0.127, -0.957, -0.425, 1.22, 7.256, -6.524], [-0.104, -0.909, -0.377, -3.171, -6.037, 2.927], [-0.127, -0.957, -0.425, -0.366, 0.427, -3.963], [-0.127, -0.957, -0.425, 1.22, 7.256, -6.524], [-0.104, -0.909, -0.377, -3.171, -6.037, 2.927], [-0.127, -0.957, -0.425, -0.366, 0.427, -3.963], [-0.127, -0.957, -0.425, 1.22, 7.256, -6.524], [-0.104, -0.909, -0.377, -3.171, -6.037, 2.927], [-0.127, -0.957, -0.425, -0.366, 0.427, -3.963], [-0.127, -0.957, -0.425, 1.22, 7.256, -6.524], [-0.104, -0.909, -0.377, -3.171, -6.037, 2.927], [-0.127, -0.957, -0.425, -0.366, 0.427, -3.963], [-0.127, -0.957, -0.425, 1.22, 7.256, -6.524], [-0.104, -0.909, -0.377, -3.171, -6.037, 2.927], [-0.127, -0.957, -0.425, -0.366, 0.427, -3.963], [-0.127, -0.957, -0.425, 1.22, 7.256, -6.524], [-0.104, -0.909, -0.377, -3.171, -6.037, 2.927], [-0.127, -0.957, -0.425, -0.366, 0.427, -3.963], [-0.127, -0.957, -0.425, 1.22, 7.256, -6.524], [-0.104, -0.909, -0.377, -3.171, -6.037, 2.927], [-0.127, -0.957, -0.425, -0.366, 0.427, -3.963]]",1587698783.056599,1587698783.058441,1587698783.069479,1587698783.132732,10
"[[-0.127, -0.957, -0.425, -0.366, 0.427, -3.963], [-0.127, -0.957, -0.425, 1.22, 7.256, -6.524], [-0.104, -0.909, -0.377, -3.171, -6.037, 2.927], [-0.127, -0.957, -0.425, -0.366, 0.427, -3.963], [-0.127, -0.957, -0.425, 1.22, 7.256, -6.524], [-0.104, -0.909, -0.377, -3.171, -6.037, 2.927], [-0.127, -0.957, -0.425, -0.366, 0.427, -3.963], [-0.127, -0.957, -0.425, 1.22, 7.256, -6.524], [-0.104, -0.909, -0.377, -3.171, -6.037, 2.927], [-0.127, -0.957, -0.425, -0.366, 0.427, -3.963], [-0.127, -0.957, -0.425, 1.22, 7.256, -6.524], [-0.104, -0.909, -0.377, -3.171, -6.037, 2.927], [-0.127, -0.957, -0.425, -0.366, 0.427, -3.963], [-0.127, -0.957, -0.425, 1.22, 7.256, -6.524], [-0.104, -0.909, -0.377, -3.171, -6.037, 2.927], [-0.127, -0.957, -0.425, -0.366, 0.427, -3.963], [-0.127, -0.957, -0.425, 1.22, 7.256, -6.524], [-0.104, -0.909, -0.377, -3.171, -6.037, 2.927], [-0.127, -0.957, -0.425, -0.366, 0.427, -3.963], [-0.127, -0.957, -0.425, 1.22, 7.256, -6.524], [-0.104, -0.909, -0.377, -3.171, -6.037, 2.927], [-0.127, -0.957, -0.425, -0.366, 0.427, -3.963]]",1587698784.05803,1587698784.059946,1587698784.069173,1587698784.133041,10
"[[-0.127, -0.957, -0.425, -0.366, 0.427, -3.963], [-0.127, -0.957, -0.425, 1.22, 7.256, -6.524], [-0.104, -0.909, -0.377, -3.171, -6.037, 2.927], [-0.127, -0.957, -0.425, -0.366, 0.427, -3.963], [-0.127, -0.957, -0.425, 1.22, 7.256, -6.524], [-0.104, -0.909, -0.377, -3.171, -6.037, 2.927], [-0.127, -0.957, -0.425, -0.366, 0.427, -3.963], [-0.127, -0.957, -0.425, 1.22, 7.256, -6.524], [-0.104, -0.909, -0.377, -3.171, -6.037, 2.927], [-0.127, -0.957, -0.425, -0.366, 0.427, -3.963], [-0.127, -0.957, -0.425, 1.22, 7.256, -6.524], [-0.104, -0.909, -0.377, -3.171, -6.037, 2.927], [-0.127, -0.957, -0.425, -0.366, 0.427, -3.963], [-0.127, -0.957, -0.425, 1.22, 7.256, -6.524], [-0.104, -0.909, -0.377, -3.171, -6.037, 2.927], [-0.127, -0.957, -0.425, -0.366, 0.427, -3.963], [-0.127, -0.957, -0.425, 1.22, 7.256, -6.524], [-0.104, -0.909, -0.377, -3.171, -6.037, 2.927], [-0.127, -0.957, -0.425, -0.366, 0.427, -3.963], [-0.127, -0.957, -0.425, 1.22, 7.256, -6.524], [-0.104, -0.909, -0.377, -3.171, -6.037, 2.927], [-0.127, -0.957, -0.425, -0.366, 0.427, -3.963]]",1587698785.059518,1587698785.061438,1587698785.073877,1587698785.134915,10
"[[-0.127, -0.957, -0.425, -0.366, 0.427, -3.963], [-0.127, -0.957, -0.425, 1.22, 7.256, -6.524], [-0.104, -0.909, -0.377, -3.171, -6.037, 2.927], [-0.127, -0.957, -0.425, -0.366, 0.427, -3.963], [-0.127, -0.957, -0.425, 1.22, 7.256, -6.524], [-0.104, -0.909, -0.377, -3.171, -6.037, 2.927], [-0.127, -0.957, -0.425, -0.366, 0.427, -3.963], [-0.127, -0.957, -0.425, 1.22, 7.256, -6.524], [-0.104, -0.909, -0.377, -3.171, -6.037, 2.927], [-0.127, -0.957, -0.425, -0.366, 0.427, -3.963], [-0.127, -0.957, -0.425, 1.22, 7.256, -6.524], [-0.104, -0.909, -0.377, -3.171, -6.037, 2.927], [-0.127, -0.957, -0.425, -0.366, 0.427, -3.963], [-0.127, -0.957, -0.425, 1.22, 7.256, -6.524], [-0.104, -0.909, -0.377, -3.171, -6.037, 2.927], [-0.127, -0.957, -0.425, -0.366, 0.427, -3.963], [-0.127, -0.957, -0.425, 1.22, 7.256, -6.524], [-0.104, -0.909, -0.377, -3.171, -6.037, 2.927], [-0.127, -0.957, -0.425, -0.366, 0.427, -3.963], [-0.127, -0.957, -0.425, 1.22, 7.256, -6.524], [-0.104, -0.909, -0.377, -3.171, -6.037, 2.927], [-0.127, -0.957, -0.425, -0.366, 0.427, -3.963]]",1587698786.061002,1587698786.062939,1587698786.071157,1587698786.134546,10
"[[-0.127, -0.957, -0.425, -0.366, 0.427, -3.963], [-0.127, -0.957, -0.425, 1.22, 7.256, -6.524], [-0.104, -0.909, -0.377, -3.171, -6.037, 2.927], [-0.127, -0.957, -0.425, -0.366, 0.427, -3.963], [-0.127, -0.957, -0.425, 1.22, 7.256, -6.524], [-0.104, -0.909, -0.377, -3.171, -6.037, 2.927], [-0.127, -0.957, -0.425, -0.366, 0.427, -3.963], [-0.127, -0.957, -0.425, 1.22, 7.256, -6.524], [-0.104, -0.909, -0.377, -3.171, -6.037, 2.927], [-0.127, -0.957, -0.425, -0.366, 0.427, -3.963], [-0.127, -0.957, -0.425, 1.22, 7.256, -6.524], [-0.104, -0.909, -0.377, -3.171, -6.037, 2.927], [-0.127, -0.957, -0.425, -0.366, 0.427, -3.963], [-0.127, -0.957, -0.425, 1.22, 7.256, -6.524], [-0.104, -0.909, -0.377, -3.171, -6.037, 2.927], [-0.127, -0.957, -0.425, -0.366, 0.427, -3.963], [-0.127, -0.957, -0.425, 1.22, 7.256, -6.524], [-0.104, -0.909, -0.377, -3.171, -6.037, 2.927], [-0.127, -0.957, -0.425, -0.366, 0.427, -3.963], [-0.127, -0.957, -0.425, 1.22, 7.256, -6.524], [-0.104, -0.909, -0.377, -3.171, -6.037, 2.927], [-0.127, -0.957, -0.425, -0.366, 0.427, -3.963]]",1587698787.063087,1587698787.065198,1587698787.074068,1587698787.135456,10
"[[-0.127, -0.957, -0.425, -0.366, 0.427, -3.963], [-0.127, -0.957, -0.425, 1.22, 7.256, -6.524], [-0.104, -0.909, -0.377, -3.171, -6.037, 2.927], [-0.127, -0.957, -0.425, -0.366, 0.427, -3.963], [-0.127, -0.957, -0.425, 1.22, 7.256, -6.524], [-0.104, -0.909, -0.377, -3.171, -6.037, 2.927], [-0.127, -0.957, -0.425, -0.366, 0.427, -3.963], [-0.127, -0.957, -0.425, 1.22, 7.256, -6.524], [-0.104, -0.909, -0.377, -3.171, -6.037, 2.927], [-0.127, -0.957, -0.425, -0.366, 0.427, -3.963], [-0.127, -0.957, -0.425, 1.22, 7.256, -6.524], [-0.104, -0.909, -0.377, -3.171, -6.037, 2.927], [-0.127, -0.957, -0.425, -0.366, 0.427, -3.963], [-0.127, -0.957, -0.425, 1.22, 7.256, -6.524], [-0.104, -0.909, -0.377, -3.171, -6.037, 2.927], [-0.127, -0.957, -0.425, -0.366, 0.427, -3.963], [-0.127, -0.957, -0.425, 1.22, 7.256, -6.524], [-0.104, -0.909, -0.377, -3.171, -6.037, 2.927], [-0.127, -0.957, -0.425, -0.366, 0.427, -3.963], [-0.127, -0.957, -0.425, 1.22, 7.256, -6.524], [-0.104, -0.909, -0.377, -3.171, -6.037, 2.927], [-0.127, -0.957, -0.425, -0.366, 0.427, -3.963]]",1587698788.064746,1587698788.066844,1587698788.078939,1587698788.141308,10
"[[-0.127, -0.957, -0.425, -0.366, 0.427, -3.963], [-0.127, -0.957, -0.425, 1.22, 7.256, -6.524], [-0.104, -0.909, -0.377, -3.171, -6.037, 2.927], [-0.127, -0.957, -0.425, -0.366, 0.427, -3.963], [-0.127, -0.957, -0.425, 1.22, 7.256, -6.524], [-0.104, -0.909, -0.377, -3.171, -6.037, 2.927], [-0.127, -0.957, -0.425, -0.366, 0.427, -3.963], [-0.127, -0.957, -0.425, 1.22, 7.256, -6.524], [-0.104, -0.909, -0.377, -3.171, -6.037, 2.927], [-0.127, -0.957, -0.425, -0.366, 0.427, -3.963], [-0.127, -0.957, -0.425, 1.22, 7.256, -6.524], [-0.104, -0.909, -0.377, -3.171, -6.037, 2.927], [-0.127, -0.957, -0.425, -0.366, 0.427, -3.963], [-0.127, -0.957, -0.425, 1.22, 7.256, -6.524], [-0.104, -0.909, -0.377, -3.171, -6.037, 2.927], [-0.127, -0.957, -0.425, -0.366, 0.427, -3.963], [-0.127, -0.957, -0.425, 1.22, 7.256, -6.524], [-0.104, -0.909, -0.377, -3.171, -6.037, 2.927], [-0.127, -0.957, -0.425, -0.366, 0.427, -3.963], [-0.127, -0.957, -0.425, 1.22, 7.256, -6.524], [-0.104, -0.909, -0.377, -3.171, -6.037, 2.927], [-0.127, -0.957, -0.425, -0.366, 0.427, -3.963]]",1587698789.066268,1587698789.068302,1587698789.079206,1587698789.140768,10
"[[-0.127, -0.957, -0.425, -0.366, 0.427, -3.963], [-0.127, -0.957, -0.425, 1.22, 7.256, -6.524], [-0.104, -0.909, -0.377, -3.171, -6.037, 2.927], [-0.127, -0.957, -0.425, -0.366, 0.427, -3.963], [-0.127, -0.957, -0.425, 1.22, 7.256, -6.524], [-0.104, -0.909, -0.377, -3.171, -6.037, 2.927], [-0.127, -0.957, -0.425, -0.366, 0.427, -3.963], [-0.127, -0.957, -0.425, 1.22, 7.256, -6.524], [-0.104, -0.909, -0.377, -3.171, -6.037, 2.927], [-0.127, -0.957, -0.425, -0.366, 0.427, -3.963], [-0.127, -0.957, -0.425, 1.22, 7.256, -6.524], [-0.104, -0.909, -0.377, -3.171, -6.037, 2.927], [-0.127, -0.957, -0.425, -0.366, 0.427, -3.963], [-0.127, -0.957, -0.425, 1.22, 7.256, -6.524], [-0.104, -0.909, -0.377, -3.171, -6.037, 2.927], [-0.127, -0.957, -0.425, -0.366, 0.427, -3.963], [-0.127, -0.957, -0.425, 1.22, 7.256, -6.524], [-0.104, -0.909, -0.377, -3.171, -6.037, 2.927], [-0.127, -0.957, -0.425, -0.366, 0.427, -3.963], [-0.127, -0.957, -0.425, 1.22, 7.256, -6.524], [-0.104, -0.909, -0.377, -3.171, -6.037, 2.927], [-0.127, -0.957, -0.425, -0.366, 0.427, -3.963]]",1587698790.067712,1587698790.069681,1587698790.079877,1587698790.141134,10
"[[-0.127, -0.957, -0.425, -0.366, 0.427, -3.963], [-0.127, -0.957, -0.425, 1.22, 7.256, -6.524], [-0.104, -0.909, -0.377, -3.171, -6.037, 2.927], [-0.127, -0.957, -0.425, -0.366, 0.427, -3.963], [-0.127, -0.957, -0.425, 1.22, 7.256, -6.524], [-0.104, -0.909, -0.377, -3.171, -6.037, 2.927], [-0.127, -0.957, -0.425, -0.366, 0.427, -3.963], [-0.127, -0.957, -0.425, 1.22, 7.256, -6.524], [-0.104, -0.909, -0.377, -3.171, -6.037, 2.927], [-0.127, -0.957, -0.425, -0.366, 0.427, -3.963], [-0.127, -0.957, -0.425, 1.22, 7.256, -6.524], [-0.104, -0.909, -0.377, -3.171, -6.037, 2.927], [-0.127, -0.957, -0.425, -0.366, 0.427, -3.963], [-0.127, -0.957, -0.425, 1.22, 7.256, -6.524], [-0.104, -0.909, -0.377, -3.171, -6.037, 2.927], [-0.127, -0.957, -0.425, -0.366, 0.427, -3.963], [-0.127, -0.957, -0.425, 1.22, 7.256, -6.524], [-0.104, -0.909, -0.377, -3.171, -6.037, 2.927], [-0.127, -0.957, -0.425, -0.366, 0.427, -3.963], [-0.127, -0.957, -0.425, 1.22, 7.256, -6.524], [-0.104, -0.909, -0.377, -3.171, -6.037, 2.927], [-0.127, -0.957, -0.425, -0.366, 0.427, -3.963]]",1587698791.069181,1587698791.071125,1587698791.080574,1587698791.142462,10
"[[-0.127, -0.957, -0.425, -0.366, 0.427, -3.963], [-0.127, -0.957, -0.425, 1.22, 7.256, -6.524], [-0.104, -0.909, -0.377, -3.171, -6.037, 2.927], [-0.127, -0.957, -0.425, -0.366, 0.427, -3.963], [-0.127, -0.957, -0.425, 1.22, 7.256, -6.524], [-0.104, -0.909, -0.377, -3.171, -6.037, 2.927], [-0.127, -0.957, -0.425, -0.366, 0.427, -3.963], [-0.127, -0.957, -0.425, 1.22, 7.256, -6.524], [-0.104, -0.909, -0.377, -3.171, -6.037, 2.927], [-0.127, -0.957, -0.425, -0.366, 0.427, -3.963], [-0.127, -0.957, -0.425, 1.22, 7.256, -6.524], [-0.104, -0.909, -0.377, -3.171, -6.037, 2.927], [-0.127, -0.957, -0.425, -0.366, 0.427, -3.963], [-0.127, -0.957, -0.425, 1.22, 7.256, -6.524], [-0.104, -0.909, -0.377, -3.171, -6.037, 2.927], [-0.127, -0.957, -0.425, -0.366, 0.427, -3.963], [-0.127, -0.957, -0.425, 1.22, 7.256, -6.524], [-0.104, -0.909, -0.377, -3.171, -6.037, 2.927], [-0.127, -0.957, -0.425, -0.366, 0.427, -3.963], [-0.127, -0.957, -0.425, 1.22, 7.256, -6.524], [-0.104, -0.909, -0.377, -3.171, -6.037, 2.927], [-0.127, -0.957, -0.425, -0.366, 0.427, -3.963]]",1587698792.07106,1587698792.072937,1587698792.083126,1587698792.14388,10
"[[-0.127, -0.957, -0.425, -0.366, 0.427, -3.963], [-0.127, -0.957, -0.425, 1.22, 7.256, -6.524], [-0.104, -0.909, -0.377, -3.171, -6.037, 2.927], [-0.127, -0.957, -0.425, -0.366, 0.427, -3.963], [-0.127, -0.957, -0.425, 1.22, 7.256, -6.524], [-0.104, -0.909, -0.377, -3.171, -6.037, 2.927], [-0.127, -0.957, -0.425, -0.366, 0.427, -3.963], [-0.127, -0.957, -0.425, 1.22, 7.256, -6.524], [-0.104, -0.909, -0.377, -3.171, -6.037, 2.927], [-0.127, -0.957, -0.425, -0.366, 0.427, -3.963], [-0.127, -0.957, -0.425, 1.22, 7.256, -6.524], [-0.104, -0.909, -0.377, -3.171, -6.037, 2.927], [-0.127, -0.957, -0.425, -0.366, 0.427, -3.963], [-0.127, -0.957, -0.425, 1.22, 7.256, -6.524], [-0.104, -0.909, -0.377, -3.171, -6.037, 2.927], [-0.127, -0.957, -0.425, -0.366, 0.427, -3.963], [-0.127, -0.957, -0.425, 1.22, 7.256, -6.524], [-0.104, -0.909, -0.377, -3.171, -6.037, 2.927], [-0.127, -0.957, -0.425, -0.366, 0.427, -3.963], [-0.127, -0.957, -0.425, 1.22, 7.256, -6.524], [-0.104, -0.909, -0.377, -3.171, -6.037, 2.927], [-0.127, -0.957, -0.425, -0.366, 0.427, -3.963]]",1587698793.073337,1587698793.076326,1587698793.085897,1587698793.145589,10
"[[-0.127, -0.957, -0.425, -0.366, 0.427, -3.963], [-0.127, -0.957, -0.425, 1.22, 7.256, -6.524], [-0.104, -0.909, -0.377, -3.171, -6.037, 2.927], [-0.127, -0.957, -0.425, -0.366, 0.427, -3.963], [-0.127, -0.957, -0.425, 1.22, 7.256, -6.524], [-0.104, -0.909, -0.377, -3.171, -6.037, 2.927], [-0.127, -0.957, -0.425, -0.366, 0.427, -3.963], [-0.127, -0.957, -0.425, 1.22, 7.256, -6.524], [-0.104, -0.909, -0.377, -3.171, -6.037, 2.927], [-0.127, -0.957, -0.425, -0.366, 0.427, -3.963], [-0.127, -0.957, -0.425, 1.22, 7.256, -6.524], [-0.104, -0.909, -0.377, -3.171, -6.037, 2.927], [-0.127, -0.957, -0.425, -0.366, 0.427, -3.963], [-0.127, -0.957, -0.425, 1.22, 7.256, -6.524], [-0.104, -0.909, -0.377, -3.171, -6.037, 2.927], [-0.127, -0.957, -0.425, -0.366, 0.427, -3.963], [-0.127, -0.957, -0.425, 1.22, 7.256, -6.524], [-0.104, -0.909, -0.377, -3.171, -6.037, 2.927], [-0.127, -0.957, -0.425, -0.366, 0.427, -3.963], [-0.127, -0.957, -0.425, 1.22, 7.256, -6.524], [-0.104, -0.909, -0.377, -3.171, -6.037, 2.927], [-0.127, -0.957, -0.425, -0.366, 0.427, -3.963]]",1587698794.075124,1587698794.077372,1587698794.087368,1587698794.14875,10
"[[-0.127, -0.957, -0.425, -0.366, 0.427, -3.963], [-0.127, -0.957, -0.425, 1.22, 7.256, -6.524], [-0.104, -0.909, -0.377, -3.171, -6.037, 2.927], [-0.127, -0.957, -0.425, -0.366, 0.427, -3.963], [-0.127, -0.957, -0.425, 1.22, 7.256, -6.524], [-0.104, -0.909, -0.377, -3.171, -6.037, 2.927], [-0.127, -0.957, -0.425, -0.366, 0.427, -3.963], [-0.127, -0.957, -0.425, 1.22, 7.256, -6.524], [-0.104, -0.909, -0.377, -3.171, -6.037, 2.927], [-0.127, -0.957, -0.425, -0.366, 0.427, -3.963], [-0.127, -0.957, -0.425, 1.22, 7.256, -6.524], [-0.104, -0.909, -0.377, -3.171, -6.037, 2.927], [-0.127, -0.957, -0.425, -0.366, 0.427, -3.963], [-0.127, -0.957, -0.425, 1.22, 7.256, -6.524], [-0.104, -0.909, -0.377, -3.171, -6.037, 2.927], [-0.127, -0.957, -0.425, -0.366, 0.427, -3.963], [-0.127, -0.957, -0.425, 1.22, 7.256, -6.524], [-0.104, -0.909, -0.377, -3.171, -6.037, 2.927], [-0.127, -0.957, -0.425, -0.366, 0.427, -3.963], [-0.127, -0.957, -0.425, 1.22, 7.256, -6.524], [-0.104, -0.909, -0.377, -3.171, -6.037, 2.927], [-0.127, -0.957, -0.425, -0.366, 0.427, -3.963]]",1587698795.076892,1587698795.07882,1587698795.087743,1587698795.147246,10
"[[-0.127, -0.957, -0.425, -0.366, 0.427, -3.963], [-0.127, -0.957, -0.425, 1.22, 7.256, -6.524], [-0.104, -0.909, -0.377, -3.171, -6.037, 2.927], [-0.127, -0.957, -0.425, -0.366, 0.427, -3.963], [-0.127, -0.957, -0.425, 1.22, 7.256, -6.524], [-0.104, -0.909, -0.377, -3.171, -6.037, 2.927], [-0.127, -0.957, -0.425, -0.366, 0.427, -3.963], [-0.127, -0.957, -0.425, 1.22, 7.256, -6.524], [-0.104, -0.909, -0.377, -3.171, -6.037, 2.927], [-0.127, -0.957, -0.425, -0.366, 0.427, -3.963], [-0.127, -0.957, -0.425, 1.22, 7.256, -6.524], [-0.104, -0.909, -0.377, -3.171, -6.037, 2.927], [-0.127, -0.957, -0.425, -0.366, 0.427, -3.963], [-0.127, -0.957, -0.425, 1.22, 7.256, -6.524], [-0.104, -0.909, -0.377, -3.171, -6.037, 2.927], [-0.127, -0.957, -0.425, -0.366, 0.427, -3.963], [-0.127, -0.957, -0.425, 1.22, 7.256, -6.524], [-0.104, -0.909, -0.377, -3.171, -6.037, 2.927], [-0.127, -0.957, -0.425, -0.366, 0.427, -3.963], [-0.127, -0.957, -0.425, 1.22, 7.256, -6.524], [-0.104, -0.909, -0.377, -3.171, -6.037, 2.927], [-0.127, -0.957, -0.425, -0.366, 0.427, -3.963]]",1587698796.078368,1587698796.080243,1587698796.088683,1587698796.147841,10
"[[-0.127, -0.957, -0.425, -0.366, 0.427, -3.963], [-0.127, -0.957, -0.425, 1.22, 7.256, -6.524], [-0.104, -0.909, -0.377, -3.171, -6.037, 2.927], [-0.127, -0.957, -0.425, -0.366, 0.427, -3.963], [-0.127, -0.957, -0.425, 1.22, 7.256, -6.524], [-0.104, -0.909, -0.377, -3.171, -6.037, 2.927], [-0.127, -0.957, -0.425, -0.366, 0.427, -3.963], [-0.127, -0.957, -0.425, 1.22, 7.256, -6.524], [-0.104, -0.909, -0.377, -3.171, -6.037, 2.927], [-0.127, -0.957, -0.425, -0.366, 0.427, -3.963], [-0.127, -0.957, -0.425, 1.22, 7.256, -6.524], [-0.104, -0.909, -0.377, -3.171, -6.037, 2.927], [-0.127, -0.957, -0.425, -0.366, 0.427, -3.963], [-0.127, -0.957, -0.425, 1.22, 7.256, -6.524], [-0.104, -0.909, -0.377, -3.171, -6.037, 2.927], [-0.127, -0.957, -0.425, -0.366, 0.427, -3.963], [-0.127, -0.957, -0.425, 1.22, 7.256, -6.524], [-0.104, -0.909, -0.377, -3.171, -6.037, 2.927], [-0.127, -0.957, -0.425, -0.366, 0.427, -3.963], [-0.127, -0.957, -0.425, 1.22, 7.256, -6.524], [-0.104, -0.909, -0.377, -3.171, -6.037, 2.927], [-0.127, -0.957, -0.425, -0.366, 0.427, -3.963]]",1587698797.079065,1587698797.080926,1587698797.090707,1587698797.153883,10
"[[-0.127, -0.957, -0.425, -0.366, 0.427, -3.963], [-0.127, -0.957, -0.425, 1.22, 7.256, -6.524], [-0.104, -0.909, -0.377, -3.171, -6.037, 2.927], [-0.127, -0.957, -0.425, -0.366, 0.427, -3.963], [-0.127, -0.957, -0.425, 1.22, 7.256, -6.524], [-0.104, -0.909, -0.377, -3.171, -6.037, 2.927], [-0.127, -0.957, -0.425, -0.366, 0.427, -3.963], [-0.127, -0.957, -0.425, 1.22, 7.256, -6.524], [-0.104, -0.909, -0.377, -3.171, -6.037, 2.927], [-0.127, -0.957, -0.425, -0.366, 0.427, -3.963], [-0.127, -0.957, -0.425, 1.22, 7.256, -6.524], [-0.104, -0.909, -0.377, -3.171, -6.037, 2.927], [-0.127, -0.957, -0.425, -0.366, 0.427, -3.963], [-0.127, -0.957, -0.425, 1.22, 7.256, -6.524], [-0.104, -0.909, -0.377, -3.171, -6.037, 2.927], [-0.127, -0.957, -0.425, -0.366, 0.427, -3.963], [-0.127, -0.957, -0.425, 1.22, 7.256, -6.524], [-0.104, -0.909, -0.377, -3.171, -6.037, 2.927], [-0.127, -0.957, -0.425, -0.366, 0.427, -3.963], [-0.127, -0.957, -0.425, 1.22, 7.256, -6.524], [-0.104, -0.909, -0.377, -3.171, -6.037, 2.927], [-0.127, -0.957, -0.425, -0.366, 0.427, -3.963]]",1587698798.080518,1587698798.082411,1587698798.092759,1587698798.152995,10
"[[-0.127, -0.957, -0.425, -0.366, 0.427, -3.963], [-0.127, -0.957, -0.425, 1.22, 7.256, -6.524], [-0.104, -0.909, -0.377, -3.171, -6.037, 2.927], [-0.127, -0.957, -0.425, -0.366, 0.427, -3.963], [-0.127, -0.957, -0.425, 1.22, 7.256, -6.524], [-0.104, -0.909, -0.377, -3.171, -6.037, 2.927], [-0.127, -0.957, -0.425, -0.366, 0.427, -3.963], [-0.127, -0.957, -0.425, 1.22, 7.256, -6.524], [-0.104, -0.909, -0.377, -3.171, -6.037, 2.927], [-0.127, -0.957, -0.425, -0.366, 0.427, -3.963], [-0.127, -0.957, -0.425, 1.22, 7.256, -6.524], [-0.104, -0.909, -0.377, -3.171, -6.037, 2.927], [-0.127, -0.957, -0.425, -0.366, 0.427, -3.963], [-0.127, -0.957, -0.425, 1.22, 7.256, -6.524], [-0.104, -0.909, -0.377, -3.171, -6.037, 2.927], [-0.127, -0.957, -0.425, -0.366, 0.427, -3.963], [-0.127, -0.957, -0.425, 1.22, 7.256, -6.524], [-0.104, -0.909, -0.377, -3.171, -6.037, 2.927], [-0.127, -0.957, -0.425, -0.366, 0.427, -3.963], [-0.127, -0.957, -0.425, 1.22, 7.256, -6.524], [-0.104, -0.909, -0.377, -3.171, -6.037, 2.927], [-0.127, -0.957, -0.425, -0.366, 0.427, -3.963]]",1587698799.08195,1587698799.083778,1587698799.093171,1587698799.15988,10
"[[-0.127, -0.957, -0.425, -0.366, 0.427, -3.963], [-0.127, -0.957, -0.425, 1.22, 7.256, -6.524], [-0.104, -0.909, -0.377, -3.171, -6.037, 2.927], [-0.127, -0.957, -0.425, -0.366, 0.427, -3.963], [-0.127, -0.957, -0.425, 1.22, 7.256, -6.524], [-0.104, -0.909, -0.377, -3.171, -6.037, 2.927], [-0.127, -0.957, -0.425, -0.366, 0.427, -3.963], [-0.127, -0.957, -0.425, 1.22, 7.256, -6.524], [-0.104, -0.909, -0.377, -3.171, -6.037, 2.927], [-0.127, -0.957, -0.425, -0.366, 0.427, -3.963], [-0.127, -0.957, -0.425, 1.22, 7.256, -6.524], [-0.104, -0.909, -0.377, -3.171, -6.037, 2.927], [-0.127, -0.957, -0.425, -0.366, 0.427, -3.963], [-0.127, -0.957, -0.425, 1.22, 7.256, -6.524], [-0.104, -0.909, -0.377, -3.171, -6.037, 2.927], [-0.127, -0.957, -0.425, -0.366, 0.427, -3.963], [-0.127, -0.957, -0.425, 1.22, 7.256, -6.524], [-0.104, -0.909, -0.377, -3.171, -6.037, 2.927], [-0.127, -0.957, -0.425, -0.366, 0.427, -3.963], [-0.127, -0.957, -0.425, 1.22, 7.256, -6.524], [-0.104, -0.909, -0.377, -3.171, -6.037, 2.927], [-0.127, -0.957, -0.425, -0.366, 0.427, -3.963]]",1587698800.083316,1587698800.085184,1587698800.096786,1587698800.159467,10
"[[-0.127, -0.957, -0.425, -0.366, 0.427, -3.963], [-0.127, -0.957, -0.425, 1.22, 7.256, -6.524], [-0.104, -0.909, -0.377, -3.171, -6.037, 2.927], [-0.127, -0.957, -0.425, -0.366, 0.427, -3.963], [-0.127, -0.957, -0.425, 1.22, 7.256, -6.524], [-0.104, -0.909, -0.377, -3.171, -6.037, 2.927], [-0.127, -0.957, -0.425, -0.366, 0.427, -3.963], [-0.127, -0.957, -0.425, 1.22, 7.256, -6.524], [-0.104, -0.909, -0.377, -3.171, -6.037, 2.927], [-0.127, -0.957, -0.425, -0.366, 0.427, -3.963], [-0.127, -0.957, -0.425, 1.22, 7.256, -6.524], [-0.104, -0.909, -0.377, -3.171, -6.037, 2.927], [-0.127, -0.957, -0.425, -0.366, 0.427, -3.963], [-0.127, -0.957, -0.425, 1.22, 7.256, -6.524], [-0.104, -0.909, -0.377, -3.171, -6.037, 2.927], [-0.127, -0.957, -0.425, -0.366, 0.427, -3.963], [-0.127, -0.957, -0.425, 1.22, 7.256, -6.524], [-0.104, -0.909, -0.377, -3.171, -6.037, 2.927], [-0.127, -0.957, -0.425, -0.366, 0.427, -3.963], [-0.127, -0.957, -0.425, 1.22, 7.256, -6.524], [-0.104, -0.909, -0.377, -3.171, -6.037, 2.927], [-0.127, -0.957, -0.425, -0.366, 0.427, -3.963]]",1587698801.085548,1587698801.08748,1587698801.0981,1587698801.159406,10
"[[-0.127, -0.957, -0.425, -0.366, 0.427, -3.963], [-0.127, -0.957, -0.425, 1.22, 7.256, -6.524], [-0.104, -0.909, -0.377, -3.171, -6.037, 2.927], [-0.127, -0.957, -0.425, -0.366, 0.427, -3.963], [-0.127, -0.957, -0.425, 1.22, 7.256, -6.524], [-0.104, -0.909, -0.377, -3.171, -6.037, 2.927], [-0.127, -0.957, -0.425, -0.366, 0.427, -3.963], [-0.127, -0.957, -0.425, 1.22, 7.256, -6.524], [-0.104, -0.909, -0.377, -3.171, -6.037, 2.927], [-0.127, -0.957, -0.425, -0.366, 0.427, -3.963], [-0.127, -0.957, -0.425, 1.22, 7.256, -6.524], [-0.104, -0.909, -0.377, -3.171, -6.037, 2.927], [-0.127, -0.957, -0.425, -0.366, 0.427, -3.963], [-0.127, -0.957, -0.425, 1.22, 7.256, -6.524], [-0.104, -0.909, -0.377, -3.171, -6.037, 2.927], [-0.127, -0.957, -0.425, -0.366, 0.427, -3.963], [-0.127, -0.957, -0.425, 1.22, 7.256, -6.524], [-0.104, -0.909, -0.377, -3.171, -6.037, 2.927], [-0.127, -0.957, -0.425, -0.366, 0.427, -3.963], [-0.127, -0.957, -0.425, 1.22, 7.256, -6.524], [-0.104, -0.909, -0.377, -3.171, -6.037, 2.927], [-0.127, -0.957, -0.425, -0.366, 0.427, -3.963]]",1587698802.086993,1587698802.089347,1587698802.098605,1587698802.159757,10
"[[-0.127, -0.957, -0.425, -0.366, 0.427, -3.963], [-0.127, -0.957, -0.425, 1.22, 7.256, -6.524], [-0.104, -0.909, -0.377, -3.171, -6.037, 2.927], [-0.127, -0.957, -0.425, -0.366, 0.427, -3.963], [-0.127, -0.957, -0.425, 1.22, 7.256, -6.524], [-0.104, -0.909, -0.377, -3.171, -6.037, 2.927], [-0.127, -0.957, -0.425, -0.366, 0.427, -3.963], [-0.127, -0.957, -0.425, 1.22, 7.256, -6.524], [-0.104, -0.909, -0.377, -3.171, -6.037, 2.927], [-0.127, -0.957, -0.425, -0.366, 0.427, -3.963], [-0.127, -0.957, -0.425, 1.22, 7.256, -6.524], [-0.104, -0.909, -0.377, -3.171, -6.037, 2.927], [-0.127, -0.957, -0.425, -0.366, 0.427, -3.963], [-0.127, -0.957, -0.425, 1.22, 7.256, -6.524], [-0.104, -0.909, -0.377, -3.171, -6.037, 2.927], [-0.127, -0.957, -0.425, -0.366, 0.427, -3.963], [-0.127, -0.957, -0.425, 1.22, 7.256, -6.524], [-0.104, -0.909, -0.377, -3.171, -6.037, 2.927], [-0.127, -0.957, -0.425, -0.366, 0.427, -3.963], [-0.127, -0.957, -0.425, 1.22, 7.256, -6.524], [-0.104, -0.909, -0.377, -3.171, -6.037, 2.927], [-0.127, -0.957, -0.425, -0.366, 0.427, -3.963]]",1587698803.0897,1587698803.091502,1587698803.100821,1587698803.16229,10
"[[-0.127, -0.957, -0.425, -0.366, 0.427, -3.963], [-0.127, -0.957, -0.425, 1.22, 7.256, -6.524], [-0.104, -0.909, -0.377, -3.171, -6.037, 2.927], [-0.127, -0.957, -0.425, -0.366, 0.427, -3.963], [-0.127, -0.957, -0.425, 1.22, 7.256, -6.524], [-0.104, -0.909, -0.377, -3.171, -6.037, 2.927], [-0.127, -0.957, -0.425, -0.366, 0.427, -3.963], [-0.127, -0.957, -0.425, 1.22, 7.256, -6.524], [-0.104, -0.909, -0.377, -3.171, -6.037, 2.927], [-0.127, -0.957, -0.425, -0.366, 0.427, -3.963], [-0.127, -0.957, -0.425, 1.22, 7.256, -6.524], [-0.104, -0.909, -0.377, -3.171, -6.037, 2.927], [-0.127, -0.957, -0.425, -0.366, 0.427, -3.963], [-0.127, -0.957, -0.425, 1.22, 7.256, -6.524], [-0.104, -0.909, -0.377, -3.171, -6.037, 2.927], [-0.127, -0.957, -0.425, -0.366, 0.427, -3.963], [-0.127, -0.957, -0.425, 1.22, 7.256, -6.524], [-0.104, -0.909, -0.377, -3.171, -6.037, 2.927], [-0.127, -0.957, -0.425, -0.366, 0.427, -3.963], [-0.127, -0.957, -0.425, 1.22, 7.256, -6.524], [-0.104, -0.909, -0.377, -3.171, -6.037, 2.927], [-0.127, -0.957, -0.425, -0.366, 0.427, -3.963]]",1587698804.09106,1587698804.092883,1587698804.10159,1587698804.162304,10
"[[-0.127, -0.957, -0.425, -0.366, 0.427, -3.963], [-0.127, -0.957, -0.425, 1.22, 7.256, -6.524], [-0.104, -0.909, -0.377, -3.171, -6.037, 2.927], [-0.127, -0.957, -0.425, -0.366, 0.427, -3.963], [-0.127, -0.957, -0.425, 1.22, 7.256, -6.524], [-0.104, -0.909, -0.377, -3.171, -6.037, 2.927], [-0.127, -0.957, -0.425, -0.366, 0.427, -3.963], [-0.127, -0.957, -0.425, 1.22, 7.256, -6.524], [-0.104, -0.909, -0.377, -3.171, -6.037, 2.927], [-0.127, -0.957, -0.425, -0.366, 0.427, -3.963], [-0.127, -0.957, -0.425, 1.22, 7.256, -6.524], [-0.104, -0.909, -0.377, -3.171, -6.037, 2.927], [-0.127, -0.957, -0.425, -0.366, 0.427, -3.963], [-0.127, -0.957, -0.425, 1.22, 7.256, -6.524], [-0.104, -0.909, -0.377, -3.171, -6.037, 2.927], [-0.127, -0.957, -0.425, -0.366, 0.427, -3.963], [-0.127, -0.957, -0.425, 1.22, 7.256, -6.524], [-0.104, -0.909, -0.377, -3.171, -6.037, 2.927], [-0.127, -0.957, -0.425, -0.366, 0.427, -3.963], [-0.127, -0.957, -0.425, 1.22, 7.256, -6.524], [-0.104, -0.909, -0.377, -3.171, -6.037, 2.927], [-0.127, -0.957, -0.425, -0.366, 0.427, -3.963]]",1587698805.093256,1587698805.095308,1587698805.104852,1587698805.165565,10
"[[-0.127, -0.957, -0.425, -0.366, 0.427, -3.963], [-0.127, -0.957, -0.425, 1.22, 7.256, -6.524], [-0.104, -0.909, -0.377, -3.171, -6.037, 2.927], [-0.127, -0.957, -0.425, -0.366, 0.427, -3.963], [-0.127, -0.957, -0.425, 1.22, 7.256, -6.524], [-0.104, -0.909, -0.377, -3.171, -6.037, 2.927], [-0.127, -0.957, -0.425, -0.366, 0.427, -3.963], [-0.127, -0.957, -0.425, 1.22, 7.256, -6.524], [-0.104, -0.909, -0.377, -3.171, -6.037, 2.927], [-0.127, -0.957, -0.425, -0.366, 0.427, -3.963], [-0.127, -0.957, -0.425, 1.22, 7.256, -6.524], [-0.104, -0.909, -0.377, -3.171, -6.037, 2.927], [-0.127, -0.957, -0.425, -0.366, 0.427, -3.963], [-0.127, -0.957, -0.425, 1.22, 7.256, -6.524], [-0.104, -0.909, -0.377, -3.171, -6.037, 2.927], [-0.127, -0.957, -0.425, -0.366, 0.427, -3.963], [-0.127, -0.957, -0.425, 1.22, 7.256, -6.524], [-0.104, -0.909, -0.377, -3.171, -6.037, 2.927], [-0.127, -0.957, -0.425, -0.366, 0.427, -3.963], [-0.127, -0.957, -0.425, 1.22, 7.256, -6.524], [-0.104, -0.909, -0.377, -3.171, -6.037, 2.927], [-0.127, -0.957, -0.425, -0.366, 0.427, -3.963]]",1587698806.094697,1587698806.096578,1587698806.105813,1587698806.167676,10
"[[-0.127, -0.957, -0.425, -0.366, 0.427, -3.963], [-0.127, -0.957, -0.425, 1.22, 7.256, -6.524], [-0.104, -0.909, -0.377, -3.171, -6.037, 2.927], [-0.127, -0.957, -0.425, -0.366, 0.427, -3.963], [-0.127, -0.957, -0.425, 1.22, 7.256, -6.524], [-0.104, -0.909, -0.377, -3.171, -6.037, 2.927], [-0.127, -0.957, -0.425, -0.366, 0.427, -3.963], [-0.127, -0.957, -0.425, 1.22, 7.256, -6.524], [-0.104, -0.909, -0.377, -3.171, -6.037, 2.927], [-0.127, -0.957, -0.425, -0.366, 0.427, -3.963], [-0.127, -0.957, -0.425, 1.22, 7.256, -6.524], [-0.104, -0.909, -0.377, -3.171, -6.037, 2.927], [-0.127, -0.957, -0.425, -0.366, 0.427, -3.963], [-0.127, -0.957, -0.425, 1.22, 7.256, -6.524], [-0.104, -0.909, -0.377, -3.171, -6.037, 2.927], [-0.127, -0.957, -0.425, -0.366, 0.427, -3.963], [-0.127, -0.957, -0.425, 1.22, 7.256, -6.524], [-0.104, -0.909, -0.377, -3.171, -6.037, 2.927], [-0.127, -0.957, -0.425, -0.366, 0.427, -3.963], [-0.127, -0.957, -0.425, 1.22, 7.256, -6.524], [-0.104, -0.909, -0.377, -3.171, -6.037, 2.927], [-0.127, -0.957, -0.425, -0.366, 0.427, -3.963]]",1587698807.097018,1587698807.098858,1587698807.108185,1587698807.169169,10
"[[-0.127, -0.957, -0.425, -0.366, 0.427, -3.963], [-0.127, -0.957, -0.425, 1.22, 7.256, -6.524], [-0.104, -0.909, -0.377, -3.171, -6.037, 2.927], [-0.127, -0.957, -0.425, -0.366, 0.427, -3.963], [-0.127, -0.957, -0.425, 1.22, 7.256, -6.524], [-0.104, -0.909, -0.377, -3.171, -6.037, 2.927], [-0.127, -0.957, -0.425, -0.366, 0.427, -3.963], [-0.127, -0.957, -0.425, 1.22, 7.256, -6.524], [-0.104, -0.909, -0.377, -3.171, -6.037, 2.927], [-0.127, -0.957, -0.425, -0.366, 0.427, -3.963], [-0.127, -0.957, -0.425, 1.22, 7.256, -6.524], [-0.104, -0.909, -0.377, -3.171, -6.037, 2.927], [-0.127, -0.957, -0.425, -0.366, 0.427, -3.963], [-0.127, -0.957, -0.425, 1.22, 7.256, -6.524], [-0.104, -0.909, -0.377, -3.171, -6.037, 2.927], [-0.127, -0.957, -0.425, -0.366, 0.427, -3.963], [-0.127, -0.957, -0.425, 1.22, 7.256, -6.524], [-0.104, -0.909, -0.377, -3.171, -6.037, 2.927], [-0.127, -0.957, -0.425, -0.366, 0.427, -3.963], [-0.127, -0.957, -0.425, 1.22, 7.256, -6.524], [-0.104, -0.909, -0.377, -3.171, -6.037, 2.927], [-0.127, -0.957, -0.425, -0.366, 0.427, -3.963]]",1587698808.099266,1587698808.101072,1587698808.110627,1587698808.171986,10
