time;date;cpu_use;ram_total;ram_used;ram_free;disk_total;disk_free;disk_perc;
20:29:30;05/Jul/2019;3.5;949.0;116.0;643.0;30G;2.0G;7%;
20:29:32;05/Jul/2019;3.7;949.0;117.0;642.0;30G;2.0G;7%;
20:29:34;05/Jul/2019;4.0;949.0;121.0;637.0;30G;2.0G;7%;
20:29:36;05/Jul/2019;4.2;949.0;122.0;637.0;30G;2.0G;7%;
20:29:38;05/Jul/2019;4.3;949.0;123.0;636.0;30G;2.0G;7%;
20:29:41;05/Jul/2019;4.5;949.0;123.0;635.0;30G;2.0G;7%;
20:29:43;05/Jul/2019;4.7;949.0;131.0;627.0;30G;2.0G;7%;
20:29:45;05/Jul/2019;4.9;949.0;135.0;624.0;30G;2.0G;7%;
20:29:47;05/Jul/2019;5.1;949.0;136.0;623.0;30G;2.0G;7%;
20:29:50;05/Jul/2019;5.3;949.0;137.0;621.0;30G;2.0G;7%;
20:29:52;05/Jul/2019;5.5;949.0;139.0;620.0;30G;2.0G;7%;
20:29:54;05/Jul/2019;5.6;949.0;139.0;620.0;30G;2.0G;7%;
20:29:56;05/Jul/2019;5.8;949.0;139.0;619.0;30G;2.0G;7%;
20:29:58;05/Jul/2019;6.0;949.0;140.0;619.0;30G;2.0G;7%;
20:30:01;05/Jul/2019;6.1;949.0;149.0;609.0;30G;2.0G;7%;
20:30:03;05/Jul/2019;6.3;949.0;152.0;606.0;30G;2.0G;7%;
20:30:05;05/Jul/2019;6.5;949.0;153.0;606.0;30G;2.0G;7%;
20:30:07;05/Jul/2019;6.6;949.0;156.0;603.0;30G;2.0G;7%;
20:30:10;05/Jul/2019;6.8;949.0;156.0;602.0;30G;2.0G;7%;
20:30:12;05/Jul/2019;6.9;949.0;157.0;602.0;30G;2.0G;7%;
20:30:14;05/Jul/2019;7.1;949.0;157.0;601.0;30G;2.0G;7%;
20:30:16;05/Jul/2019;7.2;949.0;158.0;601.0;30G;2.0G;7%;
20:30:18;05/Jul/2019;7.4;949.0;166.0;593.0;30G;2.0G;7%;
20:30:21;05/Jul/2019;7.5;949.0;171.0;588.0;30G;2.0G;7%;
20:30:23;05/Jul/2019;7.6;949.0;171.0;588.0;30G;2.0G;7%;
20:30:25;05/Jul/2019;7.8;949.0;172.0;587.0;30G;2.0G;7%;
20:30:27;05/Jul/2019;7.9;949.0;174.0;584.0;30G;2.0G;7%;
20:30:29;05/Jul/2019;8.1;949.0;174.0;584.0;30G;2.0G;7%;
20:30:32;05/Jul/2019;8.2;949.0;175.0;584.0;30G;2.0G;7%;
20:30:34;05/Jul/2019;8.3;949.0;175.0;583.0;30G;2.0G;7%;
20:30:36;05/Jul/2019;8.4;949.0;176.0;583.0;30G;2.0G;7%;
20:30:38;05/Jul/2019;8.6;949.0;185.0;573.0;30G;2.0G;7%;
20:30:41;05/Jul/2019;8.7;949.0;189.0;570.0;30G;2.0G;7%;
20:30:43;05/Jul/2019;8.8;949.0;190.0;569.0;30G;2.0G;7%;
20:30:45;05/Jul/2019;8.9;949.0;190.0;568.0;30G;2.0G;7%;
20:30:47;05/Jul/2019;9.1;949.0;192.0;567.0;30G;2.0G;7%;
20:30:49;05/Jul/2019;9.2;949.0;192.0;567.0;30G;2.0G;7%;
20:30:52;05/Jul/2019;9.3;949.0;192.0;567.0;30G;2.0G;7%;
20:30:54;05/Jul/2019;9.4;949.0;193.0;566.0;30G;2.0G;7%;
20:30:56;05/Jul/2019;9.5;949.0;193.0;565.0;30G;2.0G;7%;
20:30:58;05/Jul/2019;9.6;949.0;201.0;557.0;30G;2.0G;7%;
20:31:01;05/Jul/2019;9.7;949.0;207.0;552.0;30G;2.0G;7%;
20:31:03;05/Jul/2019;9.8;949.0;206.0;552.0;30G;2.0G;7%;
20:31:05;05/Jul/2019;10.0;949.0;206.0;552.0;30G;2.0G;7%;
20:31:07;05/Jul/2019;10.1;949.0;208.0;550.0;30G;2.0G;7%;
20:31:09;05/Jul/2019;10.2;949.0;210.0;549.0;30G;2.0G;7%;
20:31:12;05/Jul/2019;10.3;949.0;210.0;549.0;30G;2.0G;7%;
20:31:14;05/Jul/2019;10.4;949.0;210.0;548.0;30G;2.0G;7%;
20:31:16;05/Jul/2019;10.5;949.0;211.0;548.0;30G;2.0G;7%;
20:31:18;05/Jul/2019;10.6;949.0;212.0;547.0;30G;2.0G;7%;
20:31:20;05/Jul/2019;10.7;949.0;221.0;538.0;30G;2.0G;7%;
20:31:23;05/Jul/2019;10.7;949.0;225.0;534.0;30G;2.0G;7%;
20:31:25;05/Jul/2019;10.8;949.0;225.0;534.0;30G;2.0G;7%;
20:31:27;05/Jul/2019;10.7;949.0;224.0;534.0;30G;2.0G;7%;
20:31:29;05/Jul/2019;10.8;949.0;225.0;534.0;30G;2.0G;7%;
20:31:32;05/Jul/2019;10.9;949.0;225.0;533.0;30G;2.0G;7%;
20:31:34;05/Jul/2019;11.0;949.0;227.0;532.0;30G;2.0G;7%;
20:31:36;05/Jul/2019;11.1;949.0;227.0;531.0;30G;2.0G;7%;
20:31:38;05/Jul/2019;11.2;949.0;228.0;531.0;30G;2.0G;7%;
20:31:40;05/Jul/2019;11.2;949.0;228.0;531.0;30G;2.0G;7%;
20:31:43;05/Jul/2019;11.3;949.0;229.0;530.0;30G;2.0G;7%;
20:31:45;05/Jul/2019;11.4;949.0;233.0;525.0;30G;2.0G;7%;
20:31:47;05/Jul/2019;11.5;949.0;238.0;520.0;30G;2.0G;7%;
20:31:49;05/Jul/2019;11.6;949.0;241.0;517.0;30G;2.0G;7%;
20:31:52;05/Jul/2019;11.7;949.0;242.0;517.0;30G;2.0G;7%;
20:31:54;05/Jul/2019;11.7;949.0;242.0;516.0;30G;2.0G;7%;
20:31:56;05/Jul/2019;11.8;949.0;243.0;515.0;30G;2.0G;7%;
20:31:58;05/Jul/2019;11.9;949.0;245.0;514.0;30G;2.0G;7%;
20:32:00;05/Jul/2019;12.0;949.0;245.0;514.0;30G;2.0G;7%;
20:32:03;05/Jul/2019;12.1;949.0;246.0;513.0;30G;2.0G;7%;
20:32:05;05/Jul/2019;12.1;949.0;246.0;513.0;30G;2.0G;7%;
20:32:07;05/Jul/2019;12.2;949.0;247.0;512.0;30G;2.0G;7%;
20:32:09;05/Jul/2019;12.3;949.0;255.0;504.0;30G;2.0G;7%;
20:32:11;05/Jul/2019;12.4;949.0;257.0;502.0;30G;2.0G;7%;
20:32:14;05/Jul/2019;12.4;949.0;259.0;499.0;30G;2.0G;7%;
20:32:16;05/Jul/2019;12.5;949.0;259.0;499.0;30G;2.0G;7%;
20:32:18;05/Jul/2019;12.6;949.0;260.0;499.0;30G;2.0G;7%;
20:32:20;05/Jul/2019;12.6;949.0;261.0;497.0;30G;2.0G;7%;
20:32:23;05/Jul/2019;12.7;949.0;263.0;496.0;30G;2.0G;7%;
20:32:25;05/Jul/2019;12.8;949.0;263.0;496.0;30G;2.0G;7%;
20:32:27;05/Jul/2019;12.9;949.0;263.0;495.0;30G;2.0G;7%;
20:32:29;05/Jul/2019;12.9;949.0;264.0;495.0;30G;2.0G;7%;
20:32:31;05/Jul/2019;13.0;949.0;264.0;494.0;30G;2.0G;7%;
20:32:34;05/Jul/2019;13.1;949.0;272.0;486.0;30G;2.0G;7%;
20:32:36;05/Jul/2019;13.1;949.0;274.0;484.0;30G;2.0G;7%;
20:32:38;05/Jul/2019;13.2;949.0;277.0;481.0;30G;2.0G;7%;
20:32:40;05/Jul/2019;13.2;949.0;277.0;482.0;30G;2.0G;7%;
20:32:42;05/Jul/2019;13.3;949.0;276.0;482.0;30G;2.0G;7%;
20:32:45;05/Jul/2019;13.4;949.0;277.0;481.0;30G;2.0G;7%;
20:32:47;05/Jul/2019;13.4;949.0;278.0;480.0;30G;2.0G;7%;
20:32:49;05/Jul/2019;13.5;949.0;279.0;480.0;30G;2.0G;7%;
20:32:51;05/Jul/2019;13.6;949.0;279.0;480.0;30G;2.0G;7%;
20:32:54;05/Jul/2019;13.6;949.0;279.0;479.0;30G;2.0G;7%;
20:32:56;05/Jul/2019;13.7;949.0;280.0;478.0;30G;2.0G;7%;
20:32:58;05/Jul/2019;13.7;949.0;281.0;478.0;30G;2.0G;7%;
20:33:00;05/Jul/2019;13.8;949.0;289.0;469.0;30G;2.0G;7%;
20:33:02;05/Jul/2019;13.9;949.0;290.0;468.0;30G;2.0G;7%;
20:33:05;05/Jul/2019;13.9;949.0;294.0;465.0;30G;2.0G;7%;
20:33:07;05/Jul/2019;14.0;949.0;293.0;466.0;30G;2.0G;7%;
20:33:09;05/Jul/2019;14.0;949.0;293.0;465.0;30G;2.0G;7%;
20:33:11;05/Jul/2019;14.1;949.0;294.0;464.0;30G;2.0G;7%;
20:33:13;05/Jul/2019;14.1;949.0;296.0;463.0;30G;2.0G;7%;
20:33:16;05/Jul/2019;14.2;949.0;297.0;462.0;30G;2.0G;7%;
20:33:18;05/Jul/2019;14.2;949.0;297.0;462.0;30G;2.0G;7%;
20:33:20;05/Jul/2019;14.3;949.0;297.0;461.0;30G;2.0G;7%;
20:33:22;05/Jul/2019;14.3;949.0;298.0;460.0;30G;2.0G;7%;
20:33:25;05/Jul/2019;14.4;949.0;298.0;460.0;30G;2.0G;7%;
20:33:27;05/Jul/2019;14.5;949.0;307.0;451.0;30G;2.0G;7%;
20:33:29;05/Jul/2019;14.5;949.0;308.0;451.0;30G;2.0G;7%;
20:33:31;05/Jul/2019;14.6;949.0;311.0;447.0;30G;2.0G;7%;
20:33:33;05/Jul/2019;14.6;949.0;312.0;447.0;30G;2.0G;7%;
20:33:36;05/Jul/2019;14.7;949.0;312.0;446.0;30G;2.0G;7%;
20:33:38;05/Jul/2019;14.7;949.0;312.0;446.0;30G;2.0G;7%;
20:33:40;05/Jul/2019;14.8;949.0;314.0;445.0;30G;2.0G;7%;
20:33:42;05/Jul/2019;14.8;949.0;314.0;444.0;30G;2.0G;7%;
20:33:44;05/Jul/2019;14.9;949.0;315.0;444.0;30G;2.0G;7%;
20:33:47;05/Jul/2019;14.9;949.0;315.0;443.0;30G;2.0G;7%;
20:33:49;05/Jul/2019;14.9;949.0;316.0;443.0;30G;2.0G;7%;
20:33:51;05/Jul/2019;15.0;949.0;316.0;442.0;30G;2.0G;7%;
20:33:53;05/Jul/2019;15.0;949.0;317.0;441.0;30G;2.0G;7%;
20:33:56;05/Jul/2019;15.1;949.0;325.0;433.0;30G;2.0G;7%;
20:33:58;05/Jul/2019;15.1;949.0;327.0;432.0;30G;2.0G;7%;
20:34:00;05/Jul/2019;15.2;949.0;330.0;429.0;30G;2.0G;7%;
20:34:02;05/Jul/2019;15.2;949.0;333.0;426.0;30G;2.0G;7%;
20:34:04;05/Jul/2019;15.2;949.0;330.0;428.0;30G;2.0G;7%;
20:34:07;05/Jul/2019;15.1;949.0;330.0;428.0;30G;2.0G;7%;
20:34:09;05/Jul/2019;15.1;949.0;330.0;428.0;30G;2.0G;7%;
20:34:11;05/Jul/2019;15.2;949.0;330.0;428.0;30G;2.0G;7%;
20:34:13;05/Jul/2019;15.2;949.0;331.0;428.0;30G;2.0G;7%;
20:34:16;05/Jul/2019;15.3;949.0;332.0;426.0;30G;2.0G;7%;
20:34:18;05/Jul/2019;15.3;949.0;332.0;426.0;30G;2.0G;7%;
20:34:20;05/Jul/2019;15.4;949.0;333.0;426.0;30G;2.0G;7%;
20:34:22;05/Jul/2019;15.4;949.0;333.0;425.0;30G;2.0G;7%;
20:34:24;05/Jul/2019;15.4;949.0;334.0;425.0;30G;2.0G;7%;
20:34:27;05/Jul/2019;15.5;949.0;334.0;424.0;30G;2.0G;7%;
20:34:29;05/Jul/2019;15.5;949.0;345.0;413.0;30G;2.0G;7%;
20:34:31;05/Jul/2019;15.6;949.0;342.0;416.0;30G;2.0G;7%;
20:34:33;05/Jul/2019;15.6;949.0;344.0;414.0;30G;2.0G;7%;
20:34:35;05/Jul/2019;15.6;949.0;347.0;412.0;30G;2.0G;7%;
20:34:38;05/Jul/2019;15.7;949.0;346.0;412.0;30G;2.0G;7%;
20:34:40;05/Jul/2019;15.7;949.0;346.0;412.0;30G;2.0G;7%;
20:34:42;05/Jul/2019;15.8;949.0;347.0;412.0;30G;2.0G;7%;
20:34:44;05/Jul/2019;15.8;949.0;349.0;410.0;30G;2.0G;7%;
20:34:47;05/Jul/2019;15.8;949.0;349.0;409.0;30G;2.0G;7%;
20:34:49;05/Jul/2019;15.9;949.0;349.0;409.0;30G;2.0G;7%;
20:34:51;05/Jul/2019;15.9;949.0;350.0;409.0;30G;2.0G;7%;
20:34:53;05/Jul/2019;16.0;949.0;350.0;408.0;30G;2.0G;7%;
20:34:55;05/Jul/2019;16.0;949.0;351.0;408.0;30G;2.0G;7%;
20:34:58;05/Jul/2019;16.0;949.0;351.0;407.0;30G;2.0G;7%;
20:35:00;05/Jul/2019;16.1;949.0;360.0;398.0;30G;2.0G;7%;
20:35:02;05/Jul/2019;16.1;949.0;361.0;397.0;30G;2.0G;7%;
20:35:04;05/Jul/2019;16.1;949.0;361.0;397.0;30G;2.0G;7%;
20:35:06;05/Jul/2019;16.2;949.0;365.0;393.0;30G;2.0G;7%;
20:35:09;05/Jul/2019;16.2;949.0;363.0;395.0;30G;2.0G;7%;
20:35:11;05/Jul/2019;16.2;949.0;364.0;395.0;30G;2.0G;7%;
20:35:13;05/Jul/2019;16.3;949.0;364.0;394.0;30G;2.0G;7%;
20:35:15;05/Jul/2019;16.3;949.0;368.0;390.0;30G;2.0G;7%;
20:35:18;05/Jul/2019;16.4;949.0;368.0;390.0;30G;2.0G;7%;
20:35:20;05/Jul/2019;16.4;949.0;369.0;389.0;30G;2.0G;7%;
20:35:22;05/Jul/2019;16.4;949.0;369.0;389.0;30G;2.0G;7%;
20:35:24;05/Jul/2019;16.5;949.0;370.0;388.0;30G;2.0G;7%;
20:35:26;05/Jul/2019;16.5;949.0;370.0;388.0;30G;2.0G;7%;
20:35:29;05/Jul/2019;16.5;949.0;371.0;387.0;30G;2.0G;7%;
20:35:31;05/Jul/2019;16.6;949.0;379.0;379.0;30G;2.0G;7%;
20:35:33;05/Jul/2019;16.6;949.0;380.0;379.0;30G;2.0G;7%;
20:35:35;05/Jul/2019;16.6;949.0;381.0;377.0;30G;2.0G;7%;
20:35:37;05/Jul/2019;16.7;949.0;384.0;374.0;30G;2.0G;7%;
20:35:40;05/Jul/2019;16.7;949.0;384.0;374.0;30G;2.0G;7%;
20:35:42;05/Jul/2019;16.7;949.0;383.0;375.0;30G;2.0G;7%;
20:35:44;05/Jul/2019;16.8;949.0;384.0;375.0;30G;2.0G;7%;
20:35:46;05/Jul/2019;16.8;949.0;385.0;373.0;30G;2.0G;7%;
20:35:49;05/Jul/2019;16.8;949.0;386.0;372.0;30G;2.0G;7%;
20:35:51;05/Jul/2019;16.8;949.0;386.0;372.0;30G;2.0G;7%;
20:35:53;05/Jul/2019;16.9;949.0;387.0;371.0;30G;2.0G;7%;
20:35:55;05/Jul/2019;16.9;949.0;388.0;370.0;30G;2.0G;7%;
20:35:57;05/Jul/2019;16.9;949.0;388.0;370.0;30G;2.0G;7%;
20:36:00;05/Jul/2019;17.0;949.0;389.0;369.0;30G;2.0G;7%;
20:36:02;05/Jul/2019;17.0;949.0;389.0;369.0;30G;2.0G;7%;
20:36:04;05/Jul/2019;17.0;949.0;397.0;361.0;30G;2.0G;7%;
20:36:06;05/Jul/2019;17.1;949.0;398.0;360.0;30G;2.0G;7%;
20:36:08;05/Jul/2019;17.1;949.0;398.0;360.0;30G;2.0G;7%;
20:36:11;05/Jul/2019;17.1;949.0;401.0;357.0;30G;2.0G;7%;
20:36:13;05/Jul/2019;17.1;949.0;401.0;357.0;30G;2.0G;7%;
20:36:15;05/Jul/2019;17.2;949.0;400.0;358.0;30G;2.0G;7%;
20:36:17;05/Jul/2019;17.1;949.0;400.0;358.0;30G;2.0G;7%;
20:36:20;05/Jul/2019;17.1;949.0;400.0;358.0;30G;2.0G;7%;
20:36:22;05/Jul/2019;17.1;949.0;400.0;358.0;30G;2.0G;7%;
20:36:24;05/Jul/2019;17.1;949.0;401.0;357.0;30G;2.0G;7%;
20:36:26;05/Jul/2019;17.2;949.0;402.0;356.0;30G;2.0G;7%;
20:36:28;05/Jul/2019;17.2;949.0;403.0;355.0;30G;2.0G;7%;
20:36:31;05/Jul/2019;17.2;949.0;403.0;355.0;30G;2.0G;7%;
20:36:33;05/Jul/2019;17.3;949.0;403.0;355.0;30G;2.0G;7%;
20:36:35;05/Jul/2019;17.3;949.0;404.0;354.0;30G;2.0G;7%;
20:36:37;05/Jul/2019;17.3;949.0;405.0;353.0;30G;2.0G;7%;
20:36:40;05/Jul/2019;17.3;949.0;405.0;353.0;30G;2.0G;7%;
20:36:42;05/Jul/2019;17.4;949.0;419.0;339.0;30G;2.0G;7%;
20:36:44;05/Jul/2019;17.4;949.0;416.0;343.0;30G;2.0G;7%;
20:36:46;05/Jul/2019;17.4;949.0;417.0;341.0;30G;2.0G;7%;
20:36:48;05/Jul/2019;17.4;949.0;417.0;341.0;30G;2.0G;7%;
20:36:51;05/Jul/2019;17.5;949.0;420.0;338.0;30G;2.0G;7%;
20:36:53;05/Jul/2019;17.5;949.0;421.0;337.0;30G;2.0G;7%;
20:36:55;05/Jul/2019;17.5;949.0;419.0;339.0;30G;2.0G;7%;
20:36:57;05/Jul/2019;17.6;949.0;420.0;338.0;30G;2.0G;7%;
20:36:59;05/Jul/2019;17.6;949.0;422.0;336.0;30G;2.0G;7%;
20:37:02;05/Jul/2019;17.6;949.0;423.0;335.0;30G;2.0G;7%;
20:37:04;05/Jul/2019;17.6;949.0;423.0;335.0;30G;2.0G;7%;
20:37:06;05/Jul/2019;17.7;949.0;423.0;335.0;30G;2.0G;7%;
20:37:08;05/Jul/2019;17.7;949.0;424.0;334.0;30G;2.0G;7%;
20:37:11;05/Jul/2019;17.7;949.0;425.0;333.0;30G;2.0G;7%;
20:37:13;05/Jul/2019;17.7;949.0;425.0;333.0;30G;2.0G;7%;
20:37:15;05/Jul/2019;17.8;949.0;426.0;332.0;30G;2.0G;7%;
20:37:17;05/Jul/2019;17.8;949.0;434.0;324.0;30G;2.0G;7%;
20:37:19;05/Jul/2019;17.8;949.0;434.0;324.0;30G;2.0G;7%;
20:37:22;05/Jul/2019;17.8;949.0;435.0;323.0;30G;2.0G;7%;
20:37:24;05/Jul/2019;17.8;949.0;436.0;322.0;30G;2.0G;7%;
20:37:26;05/Jul/2019;17.9;949.0;439.0;319.0;30G;2.0G;7%;
20:37:28;05/Jul/2019;17.9;949.0;443.0;315.0;30G;2.0G;7%;
20:37:30;05/Jul/2019;17.9;949.0;438.0;320.0;30G;2.0G;7%;
20:37:33;05/Jul/2019;17.9;949.0;438.0;320.0;30G;2.0G;7%;
20:37:35;05/Jul/2019;18.0;949.0;439.0;319.0;30G;2.0G;7%;
20:37:37;05/Jul/2019;18.0;949.0;440.0;318.0;30G;2.0G;7%;
20:37:39;05/Jul/2019;18.0;949.0;441.0;317.0;30G;2.0G;7%;
20:37:42;05/Jul/2019;18.0;949.0;442.0;316.0;30G;2.0G;7%;
20:37:44;05/Jul/2019;18.1;949.0;442.0;316.0;30G;2.0G;7%;
20:37:46;05/Jul/2019;18.1;949.0;443.0;315.0;30G;2.0G;7%;
20:37:48;05/Jul/2019;18.1;949.0;443.0;315.0;30G;2.0G;7%;
20:37:50;05/Jul/2019;18.1;949.0;444.0;314.0;30G;2.0G;7%;
20:37:53;05/Jul/2019;18.1;949.0;451.0;307.0;30G;2.0G;7%;
20:37:55;05/Jul/2019;18.2;949.0;452.0;306.0;30G;2.0G;7%;
20:37:57;05/Jul/2019;18.2;949.0;453.0;305.0;30G;2.0G;7%;
20:37:59;05/Jul/2019;18.2;949.0;453.0;305.0;30G;2.0G;7%;
20:38:01;05/Jul/2019;18.2;949.0;456.0;302.0;30G;2.0G;7%;
20:38:04;05/Jul/2019;18.3;949.0;456.0;302.0;30G;2.0G;7%;
20:38:06;05/Jul/2019;18.3;949.0;455.0;303.0;30G;2.0G;7%;
20:38:08;05/Jul/2019;18.3;949.0;455.0;303.0;30G;2.0G;7%;
20:38:10;05/Jul/2019;18.3;949.0;456.0;302.0;30G;2.0G;7%;
20:38:13;05/Jul/2019;18.3;949.0;463.0;295.0;30G;2.0G;7%;
20:38:15;05/Jul/2019;18.4;949.0;458.0;300.0;30G;2.0G;7%;
20:38:17;05/Jul/2019;18.4;949.0;458.0;299.0;30G;2.0G;7%;
20:38:19;05/Jul/2019;18.4;949.0;459.0;299.0;30G;2.0G;7%;
20:38:21;05/Jul/2019;18.4;949.0;459.0;299.0;30G;2.0G;7%;
20:38:24;05/Jul/2019;18.4;949.0;460.0;298.0;30G;2.0G;7%;
20:38:26;05/Jul/2019;18.5;949.0;460.0;298.0;30G;2.0G;7%;
20:38:28;05/Jul/2019;18.5;949.0;461.0;297.0;30G;2.0G;7%;
20:38:30;05/Jul/2019;18.5;949.0;474.0;284.0;30G;2.0G;7%;
20:38:32;05/Jul/2019;18.5;949.0;469.0;289.0;30G;2.0G;7%;
20:38:35;05/Jul/2019;18.5;949.0;470.0;287.0;30G;2.0G;7%;
20:38:37;05/Jul/2019;18.6;949.0;471.0;287.0;30G;2.0G;7%;
20:38:39;05/Jul/2019;18.6;949.0;479.0;279.0;30G;2.0G;7%;
20:38:41;05/Jul/2019;18.6;949.0;474.0;284.0;30G;2.0G;7%;
20:38:44;05/Jul/2019;18.6;949.0;473.0;285.0;30G;2.0G;7%;
20:38:46;05/Jul/2019;18.6;949.0;473.0;285.0;30G;2.0G;7%;
20:38:48;05/Jul/2019;18.6;949.0;473.0;285.0;30G;2.0G;7%;
20:38:50;05/Jul/2019;18.6;949.0;473.0;284.0;30G;2.0G;7%;
20:38:53;05/Jul/2019;18.6;949.0;474.0;284.0;30G;2.0G;7%;
20:38:55;05/Jul/2019;18.6;949.0;476.0;281.0;30G;2.0G;7%;
20:38:57;05/Jul/2019;18.6;949.0;477.0;281.0;30G;2.0G;7%;
20:38:59;05/Jul/2019;18.6;949.0;475.0;283.0;30G;2.0G;7%;
20:39:01;05/Jul/2019;18.6;949.0;476.0;282.0;30G;2.0G;7%;
20:39:04;05/Jul/2019;18.7;949.0;476.0;282.0;30G;2.0G;7%;
20:39:06;05/Jul/2019;18.7;949.0;477.0;281.0;30G;2.0G;7%;
20:39:08;05/Jul/2019;18.7;949.0;477.0;281.0;30G;2.0G;7%;
20:39:10;05/Jul/2019;18.7;949.0;478.0;280.0;30G;2.0G;7%;
20:39:12;05/Jul/2019;18.7;949.0;493.0;265.0;30G;2.0G;7%;
20:39:15;05/Jul/2019;18.8;949.0;487.0;271.0;30G;2.0G;7%;
20:39:17;05/Jul/2019;18.8;949.0;488.0;269.0;30G;2.0G;7%;
20:39:19;05/Jul/2019;18.8;949.0;489.0;269.0;30G;2.0G;7%;
20:39:21;05/Jul/2019;18.8;949.0;492.0;266.0;30G;2.0G;7%;
20:39:24;05/Jul/2019;18.8;949.0;492.0;266.0;30G;2.0G;7%;
20:39:26;05/Jul/2019;18.8;949.0;497.0;261.0;30G;2.0G;7%;
20:39:28;05/Jul/2019;18.9;949.0;491.0;267.0;30G;2.0G;7%;
20:39:30;05/Jul/2019;18.9;949.0;492.0;266.0;30G;2.0G;7%;
20:39:32;05/Jul/2019;18.9;949.0;492.0;266.0;30G;2.0G;7%;
20:39:35;05/Jul/2019;18.9;949.0;492.0;266.0;30G;2.0G;7%;
20:39:37;05/Jul/2019;18.9;949.0;492.0;266.0;30G;2.0G;7%;
20:39:39;05/Jul/2019;18.9;949.0;498.0;260.0;30G;2.0G;7%;
20:39:41;05/Jul/2019;19.0;949.0;493.0;265.0;30G;2.0G;7%;
20:39:43;05/Jul/2019;19.0;949.0;493.0;265.0;30G;2.0G;7%;
20:39:46;05/Jul/2019;19.0;949.0;494.0;264.0;30G;2.0G;7%;
20:39:48;05/Jul/2019;19.0;949.0;494.0;264.0;30G;2.0G;7%;
20:39:50;05/Jul/2019;19.0;949.0;495.0;263.0;30G;2.0G;7%;
20:39:52;05/Jul/2019;19.0;949.0;496.0;262.0;30G;2.0G;7%;
20:39:55;05/Jul/2019;19.1;949.0;503.0;255.0;30G;2.0G;7%;
20:39:57;05/Jul/2019;19.1;949.0;503.0;255.0;30G;2.0G;7%;
20:39:59;05/Jul/2019;19.1;949.0;505.0;253.0;30G;2.0G;7%;
20:40:01;05/Jul/2019;19.1;949.0;505.0;253.0;30G;2.0G;7%;
20:40:03;05/Jul/2019;19.1;949.0;514.0;244.0;30G;2.0G;7%;
20:40:06;05/Jul/2019;19.1;949.0;508.0;250.0;30G;2.0G;7%;
20:40:08;05/Jul/2019;19.2;949.0;513.0;244.0;30G;2.0G;7%;
20:40:10;05/Jul/2019;19.2;949.0;507.0;251.0;30G;2.0G;7%;
20:40:12;05/Jul/2019;19.2;949.0;507.0;251.0;30G;2.0G;7%;
20:40:14;05/Jul/2019;19.2;949.0;508.0;250.0;30G;2.0G;7%;
20:40:17;05/Jul/2019;19.2;949.0;510.0;248.0;30G;2.0G;7%;
20:40:19;05/Jul/2019;19.2;949.0;510.0;248.0;30G;2.0G;7%;
20:40:21;05/Jul/2019;19.3;949.0;511.0;247.0;30G;2.0G;7%;
20:40:23;05/Jul/2019;19.3;949.0;511.0;247.0;30G;2.0G;7%;
20:40:26;05/Jul/2019;19.3;949.0;512.0;246.0;30G;2.0G;7%;
20:40:28;05/Jul/2019;19.3;949.0;512.0;245.0;30G;2.0G;7%;
20:40:30;05/Jul/2019;19.3;949.0;513.0;245.0;30G;2.0G;7%;
20:40:32;05/Jul/2019;19.3;949.0;513.0;244.0;30G;2.0G;7%;
20:40:34;05/Jul/2019;19.3;949.0;521.0;237.0;30G;2.0G;7%;
20:40:37;05/Jul/2019;19.4;949.0;521.0;237.0;30G;2.0G;7%;
20:40:39;05/Jul/2019;19.4;949.0;522.0;236.0;30G;2.0G;7%;
20:40:41;05/Jul/2019;19.4;949.0;523.0;235.0;30G;2.0G;7%;
20:40:43;05/Jul/2019;19.4;949.0;523.0;235.0;30G;2.0G;7%;
20:40:45;05/Jul/2019;19.4;949.0;526.0;232.0;30G;2.0G;7%;
20:40:48;05/Jul/2019;19.4;949.0;526.0;232.0;30G;2.0G;7%;
20:40:50;05/Jul/2019;19.5;949.0;525.0;233.0;30G;2.0G;7%;
20:40:52;05/Jul/2019;19.5;949.0;525.0;233.0;30G;2.0G;7%;
20:40:54;05/Jul/2019;19.5;949.0;525.0;232.0;30G;2.0G;7%;
20:40:57;05/Jul/2019;19.5;949.0;525.0;232.0;30G;2.0G;7%;
20:40:59;05/Jul/2019;19.5;949.0;528.0;230.0;30G;2.0G;7%;
20:41:01;05/Jul/2019;19.5;949.0;528.0;229.0;30G;2.0G;7%;
20:41:03;05/Jul/2019;19.5;949.0;526.0;231.0;30G;2.0G;7%;
20:41:05;05/Jul/2019;19.6;949.0;527.0;231.0;30G;2.0G;7%;
20:41:08;05/Jul/2019;19.6;949.0;527.0;230.0;30G;2.0G;7%;
20:41:10;05/Jul/2019;19.6;949.0;528.0;230.0;30G;2.0G;7%;
20:41:12;05/Jul/2019;19.6;949.0;528.0;229.0;30G;2.0G;7%;
20:41:14;05/Jul/2019;19.6;949.0;529.0;228.0;30G;2.0G;7%;
20:41:16;05/Jul/2019;19.6;949.0;538.0;219.0;30G;2.0G;7%;
20:41:19;05/Jul/2019;19.6;949.0;539.0;218.0;30G;2.0G;7%;
20:41:21;05/Jul/2019;19.6;949.0;539.0;218.0;30G;2.0G;7%;
20:41:23;05/Jul/2019;19.7;949.0;540.0;218.0;30G;2.0G;7%;
20:41:25;05/Jul/2019;19.7;949.0;540.0;217.0;30G;2.0G;7%;
20:41:28;05/Jul/2019;19.7;949.0;550.0;207.0;30G;2.0G;7%;
20:41:30;05/Jul/2019;19.7;949.0;544.0;213.0;30G;2.0G;7%;
20:41:32;05/Jul/2019;19.7;949.0;549.0;208.0;30G;2.0G;7%;
20:41:34;05/Jul/2019;19.7;949.0;543.0;214.0;30G;2.0G;7%;
20:41:36;05/Jul/2019;19.7;949.0;543.0;214.0;30G;2.0G;7%;
20:41:39;05/Jul/2019;19.6;949.0;543.0;214.0;30G;2.0G;7%;
20:41:41;05/Jul/2019;19.6;949.0;543.0;214.0;30G;2.0G;7%;
20:41:43;05/Jul/2019;19.7;949.0;544.0;213.0;30G;2.0G;7%;
20:41:45;05/Jul/2019;19.7;949.0;552.0;205.0;30G;2.0G;7%;
20:41:48;05/Jul/2019;19.7;949.0;546.0;211.0;30G;2.0G;7%;
20:41:50;05/Jul/2019;19.7;949.0;553.0;204.0;30G;2.0G;7%;
20:41:52;05/Jul/2019;19.7;949.0;548.0;210.0;30G;2.0G;7%;
20:41:54;05/Jul/2019;19.7;949.0;548.0;210.0;30G;2.0G;7%;
20:41:56;05/Jul/2019;19.7;949.0;548.0;209.0;30G;2.0G;7%;
20:41:59;05/Jul/2019;19.7;949.0;549.0;209.0;30G;2.0G;7%;
20:42:01;05/Jul/2019;19.8;949.0;549.0;208.0;30G;2.0G;7%;
20:42:03;05/Jul/2019;19.8;949.0;549.0;208.0;30G;2.0G;7%;
20:42:05;05/Jul/2019;19.8;949.0;563.0;194.0;30G;2.0G;7%;
20:42:08;05/Jul/2019;19.8;949.0;557.0;200.0;30G;2.0G;7%;
20:42:10;05/Jul/2019;19.8;949.0;558.0;199.0;30G;2.0G;7%;
20:42:12;05/Jul/2019;19.8;949.0;559.0;199.0;30G;2.0G;7%;
20:42:14;05/Jul/2019;19.8;949.0;559.0;198.0;30G;2.0G;7%;
20:42:16;05/Jul/2019;19.9;949.0;562.0;196.0;30G;2.0G;7%;
20:42:19;05/Jul/2019;19.9;949.0;562.0;195.0;30G;2.0G;7%;
20:42:21;05/Jul/2019;19.9;949.0;568.0;189.0;30G;2.0G;7%;
20:42:23;05/Jul/2019;19.9;949.0;561.0;197.0;30G;2.0G;7%;
20:42:25;05/Jul/2019;19.9;949.0;561.0;196.0;30G;2.0G;7%;
20:42:27;05/Jul/2019;19.9;949.0;561.0;196.0;30G;2.0G;7%;
20:42:30;05/Jul/2019;19.9;949.0;570.0;187.0;30G;2.0G;7%;
20:42:32;05/Jul/2019;19.9;949.0;564.0;193.0;30G;2.0G;7%;
20:42:34;05/Jul/2019;19.9;949.0;564.0;193.0;30G;2.0G;7%;
20:42:36;05/Jul/2019;20.0;949.0;565.0;192.0;30G;2.0G;7%;
20:42:39;05/Jul/2019;20.0;949.0;566.0;191.0;30G;2.0G;7%;
20:42:41;05/Jul/2019;20.0;949.0;566.0;191.0;30G;2.0G;7%;
20:42:43;05/Jul/2019;20.0;949.0;567.0;190.0;30G;2.0G;7%;
20:42:45;05/Jul/2019;20.0;949.0;567.0;190.0;30G;2.0G;7%;
20:42:47;05/Jul/2019;20.0;949.0;568.0;189.0;30G;2.0G;7%;
20:42:50;05/Jul/2019;20.0;949.0;575.0;182.0;30G;2.0G;7%;
20:42:52;05/Jul/2019;20.0;949.0;576.0;182.0;30G;2.0G;7%;
20:42:54;05/Jul/2019;20.1;949.0;576.0;182.0;30G;2.0G;7%;
20:42:56;05/Jul/2019;20.1;949.0;577.0;180.0;30G;2.0G;7%;
20:42:58;05/Jul/2019;20.1;949.0;578.0;180.0;30G;2.0G;7%;
20:43:01;05/Jul/2019;20.1;949.0;579.0;178.0;30G;2.0G;7%;
20:43:03;05/Jul/2019;20.1;949.0;580.0;177.0;30G;2.0G;7%;
20:43:05;05/Jul/2019;20.1;949.0;580.0;177.0;30G;2.0G;7%;
20:43:07;05/Jul/2019;20.1;949.0;579.0;178.0;30G;2.0G;7%;
20:43:10;05/Jul/2019;20.1;949.0;579.0;178.0;30G;2.0G;7%;
20:43:12;05/Jul/2019;20.1;949.0;580.0;177.0;30G;2.0G;7%;
20:43:14;05/Jul/2019;20.2;949.0;580.0;177.0;30G;2.0G;7%;
20:43:16;05/Jul/2019;20.2;949.0;582.0;175.0;30G;2.0G;7%;
20:43:18;05/Jul/2019;20.2;949.0;582.0;175.0;30G;2.0G;7%;
20:43:21;05/Jul/2019;20.2;949.0;589.0;168.0;30G;2.0G;7%;
20:43:23;05/Jul/2019;20.2;949.0;583.0;174.0;30G;2.0G;7%;
20:43:25;05/Jul/2019;20.2;949.0;583.0;174.0;30G;2.0G;7%;
20:43:27;05/Jul/2019;20.2;949.0;584.0;173.0;30G;2.0G;7%;
20:43:29;05/Jul/2019;20.2;949.0;584.0;173.0;30G;2.0G;7%;
20:43:32;05/Jul/2019;20.2;949.0;585.0;172.0;30G;2.0G;7%;
20:43:34;05/Jul/2019;20.2;949.0;585.0;172.0;30G;2.0G;7%;
20:43:36;05/Jul/2019;20.3;949.0;600.0;157.0;30G;2.0G;7%;
20:43:38;05/Jul/2019;20.3;949.0;593.0;164.0;30G;2.0G;7%;
20:43:41;05/Jul/2019;20.3;949.0;594.0;163.0;30G;2.0G;7%;
20:43:43;05/Jul/2019;20.3;949.0;595.0;162.0;30G;2.0G;7%;
20:43:45;05/Jul/2019;20.3;949.0;595.0;162.0;30G;2.0G;7%;
20:43:47;05/Jul/2019;20.3;949.0;597.0;160.0;30G;2.0G;7%;
20:43:49;05/Jul/2019;20.3;949.0;598.0;159.0;30G;2.0G;7%;
20:43:52;05/Jul/2019;20.3;949.0;598.0;159.0;30G;2.0G;7%;
20:43:54;05/Jul/2019;20.3;949.0;598.0;159.0;30G;2.0G;7%;
20:43:56;05/Jul/2019;20.3;949.0;597.0;160.0;30G;2.0G;7%;
20:43:58;05/Jul/2019;20.4;949.0;597.0;160.0;30G;2.0G;7%;
20:44:00;05/Jul/2019;20.4;949.0;598.0;159.0;30G;2.0G;7%;
20:44:03;05/Jul/2019;20.4;949.0;598.0;159.0;30G;2.0G;7%;
20:44:05;05/Jul/2019;20.4;949.0;598.0;159.0;30G;2.0G;7%;
20:44:07;05/Jul/2019;20.4;949.0;598.0;159.0;30G;2.0G;7%;
20:44:09;05/Jul/2019;20.4;949.0;598.0;159.0;30G;2.0G;7%;
20:44:12;05/Jul/2019;20.4;949.0;599.0;158.0;30G;2.0G;7%;
20:44:14;05/Jul/2019;20.4;949.0;599.0;158.0;30G;2.0G;7%;
20:44:16;05/Jul/2019;20.4;949.0;600.0;157.0;30G;2.0G;7%;
20:44:18;05/Jul/2019;20.4;949.0;600.0;157.0;30G;2.0G;7%;
20:44:20;05/Jul/2019;20.5;949.0;601.0;157.0;30G;2.0G;7%;
20:44:23;05/Jul/2019;20.5;949.0;601.0;156.0;30G;2.0G;7%;
20:44:25;05/Jul/2019;20.5;949.0;608.0;149.0;30G;2.0G;7%;
20:44:27;05/Jul/2019;20.5;949.0;609.0;148.0;30G;2.0G;7%;
20:44:29;05/Jul/2019;20.5;949.0;609.0;148.0;30G;2.0G;7%;
20:44:31;05/Jul/2019;20.5;949.0;610.0;147.0;30G;2.0G;7%;
20:44:34;05/Jul/2019;20.5;949.0;611.0;146.0;30G;2.0G;7%;
20:44:36;05/Jul/2019;20.5;949.0;611.0;146.0;30G;2.0G;7%;
20:44:38;05/Jul/2019;20.5;949.0;621.0;136.0;30G;2.0G;7%;
20:44:40;05/Jul/2019;20.5;949.0;614.0;143.0;30G;2.0G;7%;
20:44:43;05/Jul/2019;20.6;949.0;614.0;143.0;30G;2.0G;7%;
20:44:45;05/Jul/2019;20.6;949.0;613.0;144.0;30G;2.0G;7%;
20:44:47;05/Jul/2019;20.5;949.0;613.0;145.0;30G;2.0G;7%;
20:44:49;05/Jul/2019;20.5;949.0;613.0;144.0;30G;2.0G;7%;
20:44:51;05/Jul/2019;20.5;949.0;613.0;144.0;30G;2.0G;7%;
20:44:54;05/Jul/2019;20.5;949.0;614.0;143.0;30G;2.0G;7%;
20:44:56;05/Jul/2019;20.5;949.0;623.0;134.0;30G;2.0G;7%;
20:44:58;05/Jul/2019;20.5;949.0;616.0;141.0;30G;2.0G;7%;
20:45:00;05/Jul/2019;20.6;949.0;616.0;141.0;30G;2.0G;7%;
20:45:03;05/Jul/2019;20.6;949.0;617.0;140.0;30G;2.0G;7%;
20:45:05;05/Jul/2019;20.6;949.0;617.0;140.0;30G;2.0G;7%;
20:45:07;05/Jul/2019;20.6;949.0;617.0;140.0;30G;2.0G;7%;
20:45:09;05/Jul/2019;20.6;949.0;617.0;140.0;30G;2.0G;7%;
20:45:11;05/Jul/2019;20.6;949.0;618.0;139.0;30G;2.0G;7%;
20:45:14;05/Jul/2019;20.6;949.0;618.0;139.0;30G;2.0G;7%;
20:45:16;05/Jul/2019;20.6;949.0;619.0;138.0;30G;2.0G;7%;
20:45:18;05/Jul/2019;20.6;949.0;627.0;130.0;30G;2.0G;7%;
20:45:20;05/Jul/2019;20.6;949.0;627.0;130.0;30G;2.0G;7%;
20:45:22;05/Jul/2019;20.6;949.0;627.0;130.0;30G;2.0G;7%;
20:45:25;05/Jul/2019;20.7;949.0;628.0;129.0;30G;2.0G;7%;
20:45:27;05/Jul/2019;20.7;949.0;629.0;128.0;30G;2.0G;7%;
20:45:29;05/Jul/2019;20.7;949.0;631.0;126.0;30G;2.0G;7%;
20:45:31;05/Jul/2019;20.7;949.0;632.0;125.0;30G;2.0G;7%;
20:45:34;05/Jul/2019;20.7;949.0;632.0;125.0;30G;2.0G;7%;
20:45:36;05/Jul/2019;20.7;949.0;639.0;118.0;30G;2.0G;7%;
20:45:38;05/Jul/2019;20.7;949.0;630.0;127.0;30G;2.0G;7%;
20:45:40;05/Jul/2019;20.7;949.0;631.0;126.0;30G;2.0G;7%;
20:45:42;05/Jul/2019;20.7;949.0;632.0;125.0;30G;2.0G;7%;
20:45:45;05/Jul/2019;20.7;949.0;633.0;124.0;30G;2.0G;7%;
20:45:47;05/Jul/2019;20.7;949.0;634.0;123.0;30G;2.0G;7%;
20:45:49;05/Jul/2019;20.7;949.0;634.0;123.0;30G;2.0G;7%;
20:45:51;05/Jul/2019;20.8;949.0;635.0;122.0;30G;2.0G;7%;
20:45:53;05/Jul/2019;20.8;949.0;635.0;122.0;30G;2.0G;7%;
20:45:56;05/Jul/2019;20.8;949.0;635.0;122.0;30G;2.0G;7%;
20:45:58;05/Jul/2019;20.8;949.0;635.0;122.0;30G;2.0G;7%;
20:46:00;05/Jul/2019;20.8;949.0;636.0;121.0;30G;2.0G;7%;
20:46:02;05/Jul/2019;20.8;949.0;637.0;120.0;30G;2.0G;7%;
20:46:05;05/Jul/2019;20.8;949.0;637.0;120.0;30G;2.0G;7%;
20:46:07;05/Jul/2019;20.8;949.0;644.0;113.0;30G;2.0G;7%;
20:46:09;05/Jul/2019;20.8;949.0;645.0;112.0;30G;2.0G;7%;
20:46:11;05/Jul/2019;20.8;949.0;645.0;112.0;30G;2.0G;7%;
20:46:13;05/Jul/2019;20.8;949.0;646.0;111.0;30G;2.0G;7%;
20:46:16;05/Jul/2019;20.8;949.0;646.0;110.0;30G;2.0G;7%;
20:46:18;05/Jul/2019;20.9;949.0;646.0;110.0;30G;2.0G;7%;
20:46:20;05/Jul/2019;20.9;949.0;657.0;100.0;30G;2.0G;7%;
20:46:22;05/Jul/2019;20.9;949.0;650.0;107.0;30G;2.0G;7%;
20:46:24;05/Jul/2019;20.9;949.0;650.0;107.0;30G;2.0G;7%;
20:46:27;05/Jul/2019;20.9;949.0;650.0;107.0;30G;2.0G;7%;
20:46:29;05/Jul/2019;20.9;949.0;648.0;109.0;30G;2.0G;7%;
20:46:31;05/Jul/2019;20.9;949.0;649.0;108.0;30G;2.0G;7%;
20:46:33;05/Jul/2019;20.9;949.0;650.0;107.0;30G;2.0G;7%;
20:46:36;05/Jul/2019;20.9;949.0;660.0;97.0;30G;2.0G;7%;
20:46:38;05/Jul/2019;20.9;949.0;652.0;105.0;30G;2.0G;7%;
20:46:40;05/Jul/2019;20.9;949.0;652.0;105.0;30G;2.0G;7%;
20:46:42;05/Jul/2019;20.9;949.0;652.0;105.0;30G;2.0G;7%;
20:46:44;05/Jul/2019;20.9;949.0;652.0;105.0;30G;2.0G;7%;
20:46:47;05/Jul/2019;21.0;949.0;652.0;105.0;30G;2.0G;7%;
20:46:49;05/Jul/2019;21.0;949.0;653.0;104.0;30G;2.0G;7%;
20:46:51;05/Jul/2019;21.0;949.0;653.0;104.0;30G;2.0G;7%;
20:46:53;05/Jul/2019;21.0;949.0;653.0;104.0;30G;2.0G;7%;
20:46:55;05/Jul/2019;21.0;949.0;654.0;103.0;30G;2.0G;7%;
20:46:58;05/Jul/2019;21.0;949.0;662.0;95.0;30G;2.0G;7%;
20:47:00;05/Jul/2019;21.0;949.0;662.0;94.0;30G;2.0G;7%;
20:47:02;05/Jul/2019;21.0;949.0;663.0;94.0;30G;2.0G;7%;
20:47:04;05/Jul/2019;21.0;949.0;663.0;94.0;30G;2.0G;7%;
20:47:07;05/Jul/2019;21.0;949.0;663.0;93.0;30G;2.0G;7%;
20:47:09;05/Jul/2019;21.0;949.0;664.0;93.0;30G;2.0G;7%;
20:47:11;05/Jul/2019;21.0;949.0;667.0;90.0;30G;2.0G;7%;
20:47:13;05/Jul/2019;21.0;949.0;667.0;90.0;30G;2.0G;7%;
20:47:15;05/Jul/2019;21.1;949.0;667.0;90.0;30G;2.0G;7%;
20:47:18;05/Jul/2019;21.1;949.0;668.0;89.0;30G;2.0G;7%;
20:47:20;05/Jul/2019;21.1;949.0;666.0;91.0;30G;2.0G;7%;
20:47:22;05/Jul/2019;21.1;949.0;666.0;91.0;30G;2.0G;7%;
20:47:24;05/Jul/2019;21.1;949.0;666.0;91.0;30G;2.0G;7%;
20:47:26;05/Jul/2019;21.1;949.0;666.0;91.0;30G;2.0G;7%;
20:47:29;05/Jul/2019;21.1;949.0;677.0;80.0;30G;2.0G;7%;
20:47:31;05/Jul/2019;21.1;949.0;670.0;87.0;30G;2.0G;7%;
20:47:33;05/Jul/2019;21.1;949.0;669.0;88.0;30G;2.0G;7%;
20:47:35;05/Jul/2019;21.1;949.0;669.0;87.0;30G;2.0G;7%;
20:47:38;05/Jul/2019;21.1;949.0;670.0;87.0;30G;2.0G;7%;
20:47:40;05/Jul/2019;21.1;949.0;670.0;87.0;30G;2.0G;7%;
20:47:42;05/Jul/2019;21.1;949.0;671.0;86.0;30G;2.0G;7%;
20:47:44;05/Jul/2019;21.1;949.0;671.0;86.0;30G;2.0G;7%;
20:47:46;05/Jul/2019;21.2;949.0;672.0;85.0;30G;2.0G;7%;
20:47:49;05/Jul/2019;21.2;949.0;673.0;84.0;30G;2.0G;7%;
20:47:51;05/Jul/2019;21.2;949.0;679.0;77.0;30G;2.0G;7%;
20:47:53;05/Jul/2019;21.2;949.0;680.0;77.0;30G;2.0G;7%;
20:47:55;05/Jul/2019;21.2;949.0;680.0;77.0;30G;2.0G;7%;
20:47:57;05/Jul/2019;21.2;949.0;680.0;76.0;30G;2.0G;7%;
20:48:00;05/Jul/2019;21.2;949.0;681.0;76.0;30G;2.0G;7%;
20:48:02;05/Jul/2019;21.2;949.0;681.0;76.0;30G;2.0G;7%;
20:48:04;05/Jul/2019;21.2;949.0;681.0;75.0;30G;2.0G;7%;
20:48:06;05/Jul/2019;21.2;949.0;693.0;63.0;30G;2.0G;7%;
20:48:08;05/Jul/2019;21.2;949.0;685.0;72.0;30G;2.0G;7%;
20:48:11;05/Jul/2019;21.2;949.0;686.0;71.0;30G;2.0G;7%;
20:48:13;05/Jul/2019;21.2;949.0;685.0;72.0;30G;2.0G;7%;
20:48:15;05/Jul/2019;21.2;949.0;684.0;73.0;30G;2.0G;7%;
20:48:17;05/Jul/2019;21.2;949.0;683.0;73.0;30G;2.0G;7%;
20:48:20;05/Jul/2019;21.2;949.0;684.0;73.0;30G;2.0G;7%;
20:48:22;05/Jul/2019;21.2;949.0;684.0;73.0;30G;2.0G;7%;
20:48:24;05/Jul/2019;21.2;949.0;685.0;72.0;30G;2.0G;7%;
20:48:26;05/Jul/2019;21.2;949.0;686.0;70.0;30G;2.0G;7%;
20:48:29;05/Jul/2019;21.2;949.0;687.0;69.0;30G;2.0G;7%;
20:48:31;05/Jul/2019;21.2;949.0;687.0;69.0;30G;2.0G;7%;
20:48:33;05/Jul/2019;21.2;949.0;687.0;69.0;30G;2.0G;7%;
20:48:35;05/Jul/2019;21.2;949.0;687.0;69.0;30G;2.0G;7%;
20:48:37;05/Jul/2019;21.2;949.0;688.0;69.0;30G;2.0G;7%;
20:48:40;05/Jul/2019;21.2;949.0;689.0;68.0;30G;2.0G;7%;
20:48:42;05/Jul/2019;21.2;949.0;689.0;68.0;30G;2.0G;7%;
20:48:44;05/Jul/2019;21.2;949.0;689.0;67.0;30G;2.0G;7%;
20:48:46;05/Jul/2019;21.2;949.0;690.0;67.0;30G;2.0G;7%;
20:48:48;05/Jul/2019;21.3;949.0;690.0;66.0;30G;2.0G;7%;
20:48:51;05/Jul/2019;21.3;949.0;707.0;50.0;30G;2.0G;7%;
20:48:53;05/Jul/2019;21.3;949.0;698.0;58.0;30G;2.0G;7%;
20:48:55;05/Jul/2019;21.3;949.0;698.0;59.0;30G;2.0G;7%;
20:48:57;05/Jul/2019;21.3;949.0;700.0;57.0;30G;2.0G;7%;
20:49:00;05/Jul/2019;21.3;949.0;700.0;57.0;30G;2.0G;7%;
20:49:02;05/Jul/2019;21.3;949.0;700.0;57.0;30G;2.0G;7%;
20:49:04;05/Jul/2019;21.3;949.0;703.0;54.0;30G;2.0G;7%;
20:49:06;05/Jul/2019;21.3;949.0;703.0;54.0;30G;2.0G;7%;
20:49:08;05/Jul/2019;21.3;949.0;703.0;54.0;30G;2.0G;7%;
20:49:11;05/Jul/2019;21.3;949.0;703.0;54.0;30G;2.0G;7%;
20:49:13;05/Jul/2019;21.3;949.0;702.0;55.0;30G;2.0G;7%;
20:49:15;05/Jul/2019;21.3;949.0;702.0;55.0;30G;2.0G;7%;
20:49:17;05/Jul/2019;21.3;949.0;702.0;54.0;30G;2.0G;7%;
20:49:19;05/Jul/2019;21.3;949.0;703.0;54.0;30G;2.0G;7%;
20:49:22;05/Jul/2019;21.4;949.0;714.0;43.0;30G;2.0G;7%;
20:49:24;05/Jul/2019;21.4;949.0;705.0;51.0;30G;2.0G;7%;
20:49:26;05/Jul/2019;21.4;949.0;706.0;50.0;30G;2.0G;7%;
20:49:28;05/Jul/2019;21.4;949.0;705.0;51.0;30G;2.0G;7%;
20:49:31;05/Jul/2019;21.4;949.0;704.0;52.0;30G;2.0G;7%;
20:49:33;05/Jul/2019;21.4;949.0;704.0;53.0;30G;2.0G;7%;
20:49:35;05/Jul/2019;21.4;949.0;705.0;52.0;30G;2.0G;7%;
20:49:37;05/Jul/2019;21.4;949.0;705.0;51.0;30G;2.0G;7%;
20:49:39;05/Jul/2019;21.4;949.0;706.0;51.0;30G;2.0G;7%;
20:49:42;05/Jul/2019;21.4;949.0;706.0;50.0;30G;2.0G;7%;
20:49:44;05/Jul/2019;21.4;949.0;715.0;41.0;30G;2.0G;7%;
20:49:46;05/Jul/2019;21.4;949.0;716.0;40.0;30G;2.0G;7%;
20:49:48;05/Jul/2019;21.4;949.0;716.0;40.0;30G;2.0G;7%;
20:49:50;05/Jul/2019;21.4;949.0;717.0;40.0;30G;2.0G;7%;
20:49:53;05/Jul/2019;21.4;949.0;716.0;40.0;30G;2.0G;7%;
20:49:55;05/Jul/2019;21.4;949.0;717.0;40.0;30G;2.0G;7%;
20:49:57;05/Jul/2019;21.5;949.0;717.0;40.0;30G;2.0G;7%;
20:49:59;05/Jul/2019;21.5;949.0;721.0;36.0;30G;2.0G;7%;
20:50:02;05/Jul/2019;21.5;949.0;722.0;41.0;30G;2.0G;7%;
20:50:04;05/Jul/2019;21.5;949.0;722.0;41.0;30G;2.0G;7%;
20:50:06;05/Jul/2019;21.5;949.0;722.0;40.0;30G;2.0G;7%;
20:50:08;05/Jul/2019;21.5;949.0;720.0;43.0;30G;2.0G;7%;
20:50:10;05/Jul/2019;21.5;949.0;719.0;43.0;30G;2.0G;7%;
20:50:13;05/Jul/2019;21.5;949.0;720.0;42.0;30G;2.0G;7%;
20:50:15;05/Jul/2019;21.5;949.0;720.0;42.0;30G;2.0G;7%;
20:50:17;05/Jul/2019;21.5;949.0;732.0;31.0;30G;2.0G;7%;
20:50:19;05/Jul/2019;21.5;949.0;723.0;39.0;30G;2.0G;7%;
20:50:21;05/Jul/2019;21.5;949.0;724.0;39.0;30G;2.0G;7%;
20:50:24;05/Jul/2019;21.5;949.0;732.0;31.0;30G;2.0G;7%;
20:50:26;05/Jul/2019;21.5;949.0;723.0;39.0;30G;2.0G;7%;
20:50:28;05/Jul/2019;21.5;949.0;724.0;39.0;30G;2.0G;7%;
20:50:30;05/Jul/2019;21.5;949.0;724.0;39.0;30G;2.0G;7%;
20:50:33;05/Jul/2019;21.5;949.0;725.0;38.0;30G;2.0G;7%;
20:50:35;05/Jul/2019;21.6;949.0;725.0;37.0;30G;2.0G;7%;
20:50:37;05/Jul/2019;21.6;949.0;725.0;37.0;30G;2.0G;7%;
20:50:39;05/Jul/2019;21.6;949.0;726.0;37.0;30G;2.0G;7%;
20:50:41;05/Jul/2019;21.6;949.0;725.0;37.0;30G;2.0G;7%;
20:50:44;05/Jul/2019;21.6;949.0;741.0;33.0;30G;2.0G;7%;
20:50:46;05/Jul/2019;21.6;949.0;732.0;42.0;30G;2.0G;7%;
20:50:48;05/Jul/2019;21.6;949.0;733.0;41.0;30G;2.0G;7%;
20:50:50;05/Jul/2019;21.6;949.0;741.0;33.0;30G;2.0G;7%;
20:50:52;05/Jul/2019;21.6;949.0;730.0;44.0;30G;2.0G;7%;
20:50:55;05/Jul/2019;21.6;949.0;731.0;43.0;30G;2.0G;7%;
20:50:57;05/Jul/2019;21.6;949.0;736.0;38.0;30G;2.0G;7%;
20:50:59;05/Jul/2019;21.6;949.0;737.0;37.0;30G;2.0G;7%;
20:51:01;05/Jul/2019;21.6;949.0;737.0;37.0;30G;2.0G;7%;
20:51:04;05/Jul/2019;21.6;949.0;737.0;37.0;30G;2.0G;7%;
20:51:06;05/Jul/2019;21.6;949.0;737.0;37.0;30G;2.0G;7%;
20:51:08;05/Jul/2019;21.6;949.0;735.0;39.0;30G;2.0G;7%;
20:51:10;05/Jul/2019;21.6;949.0;735.0;39.0;30G;2.0G;7%;
20:51:12;05/Jul/2019;21.6;949.0;736.0;38.0;30G;2.0G;7%;
20:51:15;05/Jul/2019;21.6;949.0;737.0;37.0;30G;2.0G;7%;
20:51:17;05/Jul/2019;21.7;949.0;738.0;35.0;30G;2.0G;7%;
20:51:19;05/Jul/2019;21.7;949.0;738.0;35.0;30G;2.0G;7%;
20:51:21;05/Jul/2019;21.7;949.0;739.0;35.0;30G;2.0G;7%;
20:51:23;05/Jul/2019;21.7;949.0;739.0;36.0;30G;2.0G;7%;
20:51:26;05/Jul/2019;21.7;949.0;739.0;36.0;30G;2.0G;7%;
20:51:28;05/Jul/2019;21.7;949.0;739.0;36.0;30G;2.0G;7%;
20:51:30;05/Jul/2019;21.7;949.0;739.0;36.0;30G;2.0G;7%;
20:51:32;05/Jul/2019;21.7;949.0;739.0;35.0;30G;2.0G;7%;
20:51:35;05/Jul/2019;21.7;949.0;740.0;35.0;30G;2.0G;7%;
20:51:37;05/Jul/2019;21.7;949.0;741.0;34.0;30G;2.0G;7%;
20:51:39;05/Jul/2019;21.7;949.0;749.0;30.0;30G;2.0G;7%;
20:51:41;05/Jul/2019;21.7;949.0;750.0;36.0;30G;2.0G;7%;
20:51:43;05/Jul/2019;21.7;949.0;749.0;36.0;30G;2.0G;7%;
20:51:46;05/Jul/2019;21.7;949.0;749.0;36.0;30G;2.0G;7%;
20:51:48;05/Jul/2019;21.7;949.0;760.0;34.0;30G;2.0G;7%;
20:51:50;05/Jul/2019;21.7;949.0;751.0;43.0;30G;2.0G;7%;
20:51:52;05/Jul/2019;21.7;949.0;750.0;44.0;30G;2.0G;7%;
20:51:55;05/Jul/2019;21.7;949.0;753.0;41.0;30G;2.0G;7%;
20:51:57;05/Jul/2019;21.7;949.0;754.0;40.0;30G;2.0G;7%;
20:51:59;05/Jul/2019;21.8;949.0;754.0;40.0;30G;2.0G;7%;
20:52:01;05/Jul/2019;21.8;949.0;754.0;40.0;30G;2.0G;7%;
20:52:03;05/Jul/2019;21.8;949.0;763.0;31.0;30G;2.0G;7%;
20:52:06;05/Jul/2019;21.8;949.0;752.0;42.0;30G;2.0G;7%;
20:52:08;05/Jul/2019;21.7;949.0;752.0;42.0;30G;2.0G;7%;
20:52:10;05/Jul/2019;21.7;949.0;752.0;42.0;30G;2.0G;7%;
20:52:12;05/Jul/2019;21.7;949.0;753.0;41.0;30G;2.0G;7%;
20:52:15;05/Jul/2019;21.7;949.0;753.0;41.0;30G;2.0G;7%;
20:52:17;05/Jul/2019;21.7;949.0;756.0;38.0;30G;2.0G;7%;
20:52:19;05/Jul/2019;21.7;949.0;757.0;37.0;30G;2.0G;7%;
20:52:21;05/Jul/2019;21.7;949.0;757.0;37.0;30G;2.0G;7%;
20:52:23;05/Jul/2019;21.7;949.0;756.0;37.0;30G;2.0G;7%;
20:52:26;05/Jul/2019;21.8;949.0;757.0;37.0;30G;2.0G;7%;
20:52:28;05/Jul/2019;21.8;949.0;757.0;37.0;30G;2.0G;7%;
20:52:30;05/Jul/2019;21.8;949.0;757.0;37.0;30G;2.0G;7%;
20:52:32;05/Jul/2019;21.8;949.0;757.0;37.0;30G;2.0G;7%;
20:52:34;05/Jul/2019;21.8;949.0;757.0;36.0;30G;2.0G;7%;
20:52:37;05/Jul/2019;21.8;949.0;758.0;36.0;30G;2.0G;7%;
20:52:39;05/Jul/2019;21.8;949.0;759.0;35.0;30G;2.0G;7%;
20:52:41;05/Jul/2019;21.8;949.0;760.0;33.0;30G;2.0G;7%;
20:52:43;05/Jul/2019;21.8;949.0;776.0;37.0;30G;2.0G;7%;
20:52:46;05/Jul/2019;21.8;949.0;767.0;47.0;30G;2.0G;7%;
20:52:48;05/Jul/2019;21.8;949.0;768.0;46.0;30G;2.0G;7%;
20:52:50;05/Jul/2019;21.8;949.0;769.0;45.0;30G;2.0G;7%;
20:52:52;05/Jul/2019;21.8;949.0;767.0;46.0;30G;2.0G;7%;
20:52:54;05/Jul/2019;21.8;949.0;768.0;45.0;30G;2.0G;7%;
20:52:57;05/Jul/2019;21.8;949.0;768.0;45.0;30G;2.0G;7%;
20:52:59;05/Jul/2019;21.8;949.0;772.0;41.0;30G;2.0G;7%;
20:53:01;05/Jul/2019;21.8;949.0;772.0;41.0;30G;2.0G;7%;
20:53:03;05/Jul/2019;21.8;949.0;772.0;41.0;30G;2.0G;7%;
20:53:05;05/Jul/2019;21.8;949.0;773.0;40.0;30G;2.0G;7%;
20:53:08;05/Jul/2019;21.8;949.0;772.0;41.0;30G;2.0G;7%;
20:53:10;05/Jul/2019;21.8;949.0;771.0;42.0;30G;2.0G;7%;
20:53:12;05/Jul/2019;21.9;949.0;771.0;42.0;30G;2.0G;7%;
20:53:14;05/Jul/2019;21.9;949.0;772.0;42.0;30G;2.0G;7%;
20:53:17;05/Jul/2019;21.9;949.0;773.0;40.0;30G;2.0G;7%;
20:53:19;05/Jul/2019;21.9;949.0;774.0;39.0;30G;2.0G;7%;
20:53:21;05/Jul/2019;21.9;949.0;775.0;39.0;30G;2.0G;7%;
20:53:23;05/Jul/2019;21.9;949.0;774.0;39.0;30G;2.0G;7%;
20:53:25;05/Jul/2019;21.9;949.0;784.0;29.0;30G;2.0G;7%;
20:53:28;05/Jul/2019;21.9;949.0;775.0;39.0;30G;2.0G;7%;
20:53:30;05/Jul/2019;21.9;949.0;775.0;38.0;30G;2.0G;7%;
20:53:32;05/Jul/2019;21.9;949.0;776.0;38.0;30G;2.0G;7%;
20:53:34;05/Jul/2019;21.9;949.0;776.0;37.0;30G;2.0G;7%;
20:53:36;05/Jul/2019;21.9;949.0;776.0;37.0;30G;2.0G;7%;
20:53:39;05/Jul/2019;21.9;949.0;777.0;36.0;30G;2.0G;7%;
20:53:41;05/Jul/2019;21.9;949.0;778.0;35.0;30G;2.0G;7%;
20:53:43;05/Jul/2019;21.9;949.0;785.0;28.0;30G;2.0G;7%;
20:53:45;05/Jul/2019;21.9;949.0;787.0;52.0;30G;2.0G;7%;
20:53:48;05/Jul/2019;21.9;949.0;787.0;52.0;30G;2.0G;7%;
20:53:50;05/Jul/2019;21.9;949.0;787.0;52.0;30G;2.0G;7%;
20:53:52;05/Jul/2019;21.9;949.0;788.0;51.0;30G;2.0G;7%;
20:53:54;05/Jul/2019;21.9;949.0;788.0;51.0;30G;2.0G;7%;
20:53:56;05/Jul/2019;21.9;949.0;789.0;51.0;30G;2.0G;7%;
20:53:59;05/Jul/2019;21.9;949.0;790.0;49.0;30G;2.0G;7%;
20:54:01;05/Jul/2019;22.0;949.0;792.0;47.0;30G;2.0G;7%;
20:54:03;05/Jul/2019;22.0;949.0;792.0;47.0;30G;2.0G;7%;
20:54:05;05/Jul/2019;22.0;949.0;792.0;47.0;30G;2.0G;7%;
20:54:07;05/Jul/2019;22.0;949.0;792.0;47.0;30G;2.0G;7%;
20:54:10;05/Jul/2019;22.0;949.0;790.0;49.0;30G;2.0G;7%;
20:54:12;05/Jul/2019;22.0;949.0;790.0;49.0;30G;2.0G;7%;
20:54:14;05/Jul/2019;21.9;949.0;790.0;49.0;30G;2.0G;7%;
20:54:16;05/Jul/2019;21.9;949.0;790.0;49.0;30G;2.0G;7%;
20:54:19;05/Jul/2019;21.9;949.0;791.0;48.0;30G;2.0G;7%;
20:54:21;05/Jul/2019;21.9;949.0;791.0;49.0;30G;2.0G;7%;
20:54:23;05/Jul/2019;21.9;949.0;793.0;46.0;30G;2.0G;7%;
20:54:25;05/Jul/2019;21.9;949.0;794.0;45.0;30G;2.0G;7%;
20:54:27;05/Jul/2019;21.9;949.0;794.0;45.0;30G;2.0G;7%;
20:54:30;05/Jul/2019;21.9;949.0;795.0;45.0;30G;2.0G;7%;
20:54:32;05/Jul/2019;22.0;949.0;794.0;45.0;30G;2.0G;7%;
20:54:34;05/Jul/2019;22.0;949.0;794.0;45.0;30G;2.0G;7%;
20:54:36;05/Jul/2019;22.0;949.0;794.0;45.0;30G;2.0G;7%;
20:54:39;05/Jul/2019;22.0;949.0;794.0;45.0;30G;2.0G;7%;
20:54:41;05/Jul/2019;22.0;949.0;795.0;44.0;30G;2.0G;7%;
20:54:43;05/Jul/2019;22.0;949.0;795.0;44.0;30G;2.0G;7%;
20:54:45;05/Jul/2019;22.0;949.0;796.0;43.0;30G;2.0G;7%;
20:54:47;05/Jul/2019;22.0;949.0;796.0;43.0;30G;2.0G;7%;
20:54:50;05/Jul/2019;22.0;949.0;815.0;37.0;30G;2.0G;7%;
20:54:52;05/Jul/2019;22.0;949.0;805.0;47.0;30G;2.0G;7%;
20:54:54;05/Jul/2019;22.0;949.0;805.0;47.0;30G;2.0G;7%;
20:54:56;05/Jul/2019;22.0;949.0;806.0;46.0;30G;2.0G;7%;
20:54:58;05/Jul/2019;22.0;949.0;806.0;46.0;30G;2.0G;7%;
20:55:01;05/Jul/2019;22.0;949.0;806.0;46.0;30G;2.0G;7%;
20:55:03;05/Jul/2019;22.0;949.0;806.0;46.0;30G;2.0G;7%;
20:55:05;05/Jul/2019;22.0;949.0;809.0;43.0;30G;2.0G;7%;
20:55:07;05/Jul/2019;22.0;949.0;810.0;42.0;30G;2.0G;7%;
20:55:10;05/Jul/2019;22.0;949.0;810.0;42.0;30G;2.0G;7%;
20:55:12;05/Jul/2019;22.0;949.0;810.0;42.0;30G;2.0G;7%;
20:55:14;05/Jul/2019;22.0;949.0;820.0;32.0;30G;2.0G;7%;
20:55:16;05/Jul/2019;22.0;949.0;808.0;44.0;30G;2.0G;7%;
20:55:18;05/Jul/2019;22.0;949.0;808.0;44.0;30G;2.0G;7%;
20:55:21;05/Jul/2019;22.0;949.0;809.0;43.0;30G;2.0G;7%;
20:55:23;05/Jul/2019;22.0;949.0;809.0;42.0;30G;2.0G;7%;
20:55:25;05/Jul/2019;22.1;949.0;812.0;40.0;30G;2.0G;7%;
20:55:27;05/Jul/2019;22.1;949.0;812.0;40.0;30G;2.0G;7%;
20:55:29;05/Jul/2019;22.1;949.0;812.0;40.0;30G;2.0G;7%;
20:55:32;05/Jul/2019;22.1;949.0;812.0;39.0;30G;2.0G;7%;
20:55:34;05/Jul/2019;22.1;949.0;813.0;39.0;30G;2.0G;7%;
20:55:36;05/Jul/2019;22.1;949.0;813.0;39.0;30G;2.0G;7%;
20:55:38;05/Jul/2019;22.1;949.0;813.0;38.0;30G;2.0G;7%;
20:55:41;05/Jul/2019;22.1;949.0;814.0;38.0;30G;2.0G;7%;
20:55:43;05/Jul/2019;22.1;949.0;814.0;38.0;30G;2.0G;7%;
20:55:45;05/Jul/2019;22.1;949.0;815.0;37.0;30G;2.0G;7%;
20:55:47;05/Jul/2019;22.1;949.0;815.0;36.0;30G;2.0G;7%;
20:55:49;05/Jul/2019;22.1;949.0;815.0;36.0;30G;2.0G;7%;
20:55:52;05/Jul/2019;22.1;949.0;833.0;32.0;30G;2.0G;7%;
20:55:54;05/Jul/2019;22.1;949.0;823.0;42.0;30G;2.0G;7%;
20:55:56;05/Jul/2019;22.1;949.0;823.0;41.0;30G;2.0G;7%;
20:55:58;05/Jul/2019;22.1;949.0;823.0;42.0;30G;2.0G;7%;
20:56:00;05/Jul/2019;22.1;949.0;824.0;41.0;30G;2.0G;7%;
20:56:03;05/Jul/2019;22.1;949.0;825.0;40.0;30G;2.0G;7%;
20:56:05;05/Jul/2019;22.1;949.0;825.0;40.0;30G;2.0G;7%;
20:56:07;05/Jul/2019;22.1;949.0;825.0;39.0;30G;2.0G;7%;
20:56:09;05/Jul/2019;22.1;949.0;838.0;35.0;30G;2.0G;7%;
20:56:12;05/Jul/2019;22.1;949.0;828.0;45.0;30G;2.0G;7%;
20:56:14;05/Jul/2019;22.1;949.0;828.0;45.0;30G;2.0G;7%;
20:56:16;05/Jul/2019;22.1;949.0;828.0;45.0;30G;2.0G;7%;
20:56:18;05/Jul/2019;22.2;949.0;826.0;47.0;30G;2.0G;7%;
20:56:20;05/Jul/2019;22.2;949.0;826.0;47.0;30G;2.0G;7%;
20:56:23;05/Jul/2019;22.1;949.0;827.0;47.0;30G;2.0G;7%;
20:56:25;05/Jul/2019;22.1;949.0;826.0;47.0;30G;2.0G;7%;
20:56:27;05/Jul/2019;22.1;949.0;827.0;46.0;30G;2.0G;7%;
20:56:29;05/Jul/2019;22.1;949.0;827.0;46.0;30G;2.0G;7%;
20:56:32;05/Jul/2019;22.1;949.0;827.0;46.0;30G;2.0G;7%;
20:56:34;05/Jul/2019;22.1;949.0;840.0;34.0;30G;2.0G;7%;
20:56:36;05/Jul/2019;22.1;949.0;830.0;43.0;30G;2.0G;7%;
20:56:38;05/Jul/2019;22.1;949.0;830.0;44.0;30G;2.0G;7%;
20:56:40;05/Jul/2019;22.1;949.0;830.0;44.0;30G;2.0G;7%;
20:56:43;05/Jul/2019;22.1;949.0;831.0;43.0;30G;2.0G;7%;
20:56:45;05/Jul/2019;22.1;949.0;830.0;43.0;30G;2.0G;7%;
20:56:47;05/Jul/2019;22.1;949.0;830.0;43.0;30G;2.0G;7%;
20:56:49;05/Jul/2019;22.1;949.0;831.0;43.0;30G;2.0G;7%;
20:56:52;05/Jul/2019;22.1;949.0;831.0;42.0;30G;2.0G;7%;
20:56:54;05/Jul/2019;22.1;949.0;832.0;42.0;30G;2.0G;7%;
20:56:56;05/Jul/2019;22.1;949.0;832.0;41.0;30G;2.0G;7%;
20:56:58;05/Jul/2019;22.2;949.0;833.0;41.0;30G;2.0G;7%;
20:57:00;05/Jul/2019;22.2;949.0;840.0;33.0;30G;2.0G;7%;
20:57:03;05/Jul/2019;22.2;949.0;841.0;49.0;30G;2.0G;7%;
20:57:05;05/Jul/2019;22.2;949.0;841.0;49.0;30G;2.0G;7%;
20:57:07;05/Jul/2019;22.2;949.0;841.0;49.0;30G;2.0G;7%;
20:57:09;05/Jul/2019;22.2;949.0;853.0;38.0;30G;2.0G;7%;
20:57:11;05/Jul/2019;22.2;949.0;842.0;48.0;30G;2.0G;7%;
20:57:14;05/Jul/2019;22.2;949.0;842.0;48.0;30G;2.0G;7%;
20:57:16;05/Jul/2019;22.2;949.0;842.0;48.0;30G;2.0G;7%;
20:57:18;05/Jul/2019;22.2;949.0;846.0;45.0;30G;2.0G;7%;
20:57:20;05/Jul/2019;22.2;949.0;846.0;44.0;30G;2.0G;7%;
20:57:23;05/Jul/2019;22.2;949.0;846.0;44.0;30G;2.0G;7%;
20:57:25;05/Jul/2019;22.2;949.0;846.0;44.0;30G;2.0G;7%;
20:57:27;05/Jul/2019;22.2;949.0;856.0;34.0;30G;2.0G;7%;
20:57:29;05/Jul/2019;22.2;949.0;844.0;46.0;30G;2.0G;7%;
20:57:31;05/Jul/2019;22.2;949.0;845.0;46.0;30G;2.0G;7%;
20:57:34;05/Jul/2019;22.2;949.0;845.0;45.0;30G;2.0G;7%;
20:57:36;05/Jul/2019;22.2;949.0;845.0;45.0;30G;2.0G;7%;
20:57:38;05/Jul/2019;22.2;949.0;847.0;43.0;30G;2.0G;7%;
20:57:40;05/Jul/2019;22.2;949.0;848.0;42.0;30G;2.0G;7%;
20:57:42;05/Jul/2019;22.2;949.0;848.0;42.0;30G;2.0G;7%;
20:57:45;05/Jul/2019;22.2;949.0;848.0;42.0;30G;2.0G;7%;
20:57:47;05/Jul/2019;22.2;949.0;848.0;42.0;30G;2.0G;7%;
20:57:49;05/Jul/2019;22.2;949.0;848.0;42.0;30G;2.0G;7%;
20:57:51;05/Jul/2019;22.2;949.0;849.0;41.0;30G;2.0G;7%;
20:57:54;05/Jul/2019;22.2;949.0;849.0;41.0;30G;2.0G;7%;
20:57:56;05/Jul/2019;22.2;949.0;850.0;40.0;30G;2.0G;7%;
20:57:58;05/Jul/2019;22.3;949.0;850.0;40.0;30G;2.0G;7%;
20:58:00;05/Jul/2019;22.3;949.0;851.0;39.0;30G;2.0G;7%;
20:58:02;05/Jul/2019;22.3;949.0;851.0;39.0;30G;2.0G;7%;
20:58:05;05/Jul/2019;22.3;949.0;851.0;39.0;30G;2.0G;7%;
20:58:07;05/Jul/2019;22.3;949.0;869.0;34.0;30G;2.0G;7%;
20:58:09;05/Jul/2019;22.3;949.0;858.0;44.0;30G;2.0G;7%;
20:58:11;05/Jul/2019;22.3;949.0;859.0;44.0;30G;2.0G;7%;
20:58:13;05/Jul/2019;22.3;949.0;859.0;44.0;30G;2.0G;7%;
20:58:16;05/Jul/2019;22.3;949.0;860.0;43.0;30G;2.0G;7%;
20:58:18;05/Jul/2019;22.3;949.0;859.0;43.0;30G;2.0G;7%;
20:58:20;05/Jul/2019;22.3;949.0;860.0;42.0;30G;2.0G;7%;
20:58:22;05/Jul/2019;22.3;949.0;860.0;42.0;30G;2.0G;7%;
20:58:25;05/Jul/2019;22.3;949.0;863.0;39.0;30G;2.0G;7%;
20:58:27;05/Jul/2019;22.3;949.0;863.0;39.0;30G;2.0G;7%;
20:58:29;05/Jul/2019;22.3;949.0;864.0;38.0;30G;2.0G;7%;
20:58:31;05/Jul/2019;22.3;949.0;864.0;38.0;30G;2.0G;7%;
20:58:33;05/Jul/2019;22.3;949.0;874.0;28.0;30G;2.0G;7%;
20:58:36;05/Jul/2019;22.3;949.0;862.0;40.0;30G;2.0G;7%;
20:58:38;05/Jul/2019;22.3;949.0;862.0;40.0;30G;2.0G;7%;
20:58:40;05/Jul/2019;22.3;949.0;862.0;40.0;30G;2.0G;7%;
20:58:42;05/Jul/2019;22.3;949.0;862.0;40.0;30G;2.0G;7%;
20:58:45;05/Jul/2019;22.3;949.0;863.0;39.0;30G;2.0G;7%;
20:58:47;05/Jul/2019;22.3;949.0;863.0;39.0;30G;2.0G;7%;
20:58:49;05/Jul/2019;22.3;949.0;865.0;37.0;30G;2.0G;7%;
20:58:51;05/Jul/2019;22.3;949.0;865.0;38.0;30G;2.0G;7%;
20:58:53;05/Jul/2019;22.3;949.0;865.0;38.0;30G;2.0G;7%;
20:58:56;05/Jul/2019;22.3;949.0;865.0;38.0;30G;2.0G;7%;
20:58:58;05/Jul/2019;22.3;949.0;876.0;31.0;30G;2.0G;7%;
20:59:00;05/Jul/2019;22.3;949.0;865.0;42.0;30G;2.0G;7%;
20:59:02;05/Jul/2019;22.3;949.0;866.0;41.0;30G;2.0G;7%;
20:59:04;05/Jul/2019;22.3;949.0;866.0;41.0;30G;2.0G;7%;
20:59:07;05/Jul/2019;22.3;949.0;866.0;40.0;30G;2.0G;7%;
20:59:09;05/Jul/2019;22.3;949.0;867.0;40.0;30G;2.0G;7%;
20:59:11;05/Jul/2019;22.3;949.0;867.0;40.0;30G;2.0G;7%;
20:59:13;05/Jul/2019;22.3;949.0;868.0;39.0;30G;2.0G;7%;
20:59:16;05/Jul/2019;22.3;949.0;874.0;33.0;30G;2.0G;7%;
20:59:18;05/Jul/2019;22.3;949.0;876.0;46.0;30G;2.0G;7%;
20:59:20;05/Jul/2019;22.3;949.0;876.0;46.0;30G;2.0G;7%;
20:59:23;05/Jul/2019;22.3;949.0;876.0;46.0;30G;2.0G;7%;
20:59:25;05/Jul/2019;22.3;949.0;876.0;46.0;30G;2.0G;7%;
20:59:27;05/Jul/2019;22.3;949.0;877.0;45.0;30G;2.0G;7%;
20:59:29;05/Jul/2019;22.3;949.0;877.0;45.0;30G;2.0G;7%;
20:59:32;05/Jul/2019;22.3;949.0;877.0;44.0;30G;2.0G;7%;
20:59:34;05/Jul/2019;22.3;949.0;877.0;45.0;30G;2.0G;7%;
20:59:36;05/Jul/2019;22.4;949.0;892.0;30.0;30G;2.0G;7%;
20:59:38;05/Jul/2019;22.4;949.0;881.0;41.0;30G;2.0G;7%;
20:59:40;05/Jul/2019;22.4;949.0;881.0;41.0;30G;2.0G;7%;
20:59:43;05/Jul/2019;22.4;949.0;882.0;40.0;30G;2.0G;7%;
20:59:45;05/Jul/2019;22.4;949.0;891.0;30.0;30G;2.0G;7%;
20:59:47;05/Jul/2019;22.4;949.0;879.0;43.0;30G;2.0G;7%;
20:59:49;05/Jul/2019;22.4;949.0;879.0;43.0;30G;2.0G;7%;
20:59:51;05/Jul/2019;22.4;949.0;880.0;42.0;30G;2.0G;7%;
20:59:54;05/Jul/2019;22.4;949.0;880.0;41.0;30G;2.0G;7%;
20:59:56;05/Jul/2019;22.4;949.0;882.0;40.0;30G;2.0G;7%;
20:59:58;05/Jul/2019;22.4;949.0;883.0;39.0;30G;2.0G;7%;
21:00:00;05/Jul/2019;22.4;949.0;883.0;39.0;30G;2.0G;7%;
21:00:03;05/Jul/2019;22.4;949.0;884.0;38.0;30G;2.0G;7%;
21:00:05;05/Jul/2019;22.4;949.0;884.0;38.0;30G;2.0G;7%;
21:00:07;05/Jul/2019;22.4;949.0;880.0;41.0;30G;2.0G;7%;
21:00:09;05/Jul/2019;22.4;949.0;882.0;40.0;30G;2.0G;7%;
21:00:11;05/Jul/2019;22.4;949.0;882.0;40.0;30G;2.0G;7%;
21:00:14;05/Jul/2019;22.4;949.0;882.0;39.0;30G;2.0G;7%;
21:00:16;05/Jul/2019;22.4;949.0;882.0;39.0;30G;2.0G;7%;
21:00:18;05/Jul/2019;22.4;949.0;883.0;39.0;30G;2.0G;7%;
21:00:20;05/Jul/2019;22.4;949.0;883.0;38.0;30G;2.0G;7%;
21:00:22;05/Jul/2019;22.4;949.0;883.0;38.0;30G;2.0G;7%;
21:00:25;05/Jul/2019;22.4;949.0;893.0;28.0;30G;2.0G;7%;
21:00:27;05/Jul/2019;22.4;949.0;877.0;47.0;30G;2.0G;7%;
21:00:29;05/Jul/2019;22.4;949.0;877.0;48.0;30G;2.0G;7%;
21:00:31;05/Jul/2019;22.4;949.0;878.0;46.0;30G;2.0G;7%;
21:00:34;05/Jul/2019;22.4;949.0;877.0;48.0;30G;2.0G;7%;
21:00:36;05/Jul/2019;22.4;949.0;876.0;49.0;30G;2.0G;7%;
21:00:38;05/Jul/2019;22.4;949.0;877.0;48.0;30G;2.0G;7%;
21:00:40;05/Jul/2019;22.4;949.0;877.0;48.0;30G;2.0G;7%;
21:00:42;05/Jul/2019;22.4;949.0;878.0;47.0;30G;2.0G;7%;
21:00:45;05/Jul/2019;22.4;949.0;893.0;31.0;30G;2.0G;7%;
21:00:47;05/Jul/2019;22.5;949.0;882.0;43.0;30G;2.0G;7%;
21:00:49;05/Jul/2019;22.5;949.0;882.0;42.0;30G;2.0G;7%;
21:00:51;05/Jul/2019;22.5;949.0;882.0;43.0;30G;2.0G;7%;
21:00:53;05/Jul/2019;22.5;949.0;893.0;31.0;30G;2.0G;7%;
21:00:56;05/Jul/2019;22.5;949.0;880.0;44.0;30G;2.0G;7%;
21:00:58;05/Jul/2019;22.5;949.0;881.0;44.0;30G;2.0G;7%;
21:01:00;05/Jul/2019;22.4;949.0;880.0;44.0;30G;2.0G;7%;
21:01:02;05/Jul/2019;22.4;949.0;880.0;44.0;30G;2.0G;7%;
21:01:05;05/Jul/2019;22.4;949.0;883.0;40.0;30G;2.0G;7%;
21:01:07;05/Jul/2019;22.4;949.0;883.0;39.0;30G;2.0G;7%;
21:01:09;05/Jul/2019;22.4;949.0;884.0;37.0;30G;2.0G;7%;
21:01:11;05/Jul/2019;22.4;949.0;883.0;37.0;30G;2.0G;7%;
21:01:13;05/Jul/2019;22.4;949.0;882.0;43.0;30G;2.0G;7%;
21:01:16;05/Jul/2019;22.4;949.0;882.0;43.0;30G;2.0G;7%;
21:01:18;05/Jul/2019;22.4;949.0;882.0;42.0;30G;2.0G;7%;
21:01:21;05/Jul/2019;22.4;949.0;882.0;42.0;30G;2.0G;7%;
21:01:23;05/Jul/2019;22.4;949.0;882.0;42.0;30G;2.0G;7%;
21:01:25;05/Jul/2019;22.5;949.0;882.0;42.0;30G;2.0G;7%;
21:01:27;05/Jul/2019;22.5;949.0;883.0;42.0;30G;2.0G;7%;
21:01:30;05/Jul/2019;22.5;949.0;883.0;41.0;30G;2.0G;7%;
21:01:32;05/Jul/2019;22.5;949.0;883.0;41.0;30G;2.0G;7%;
21:01:34;05/Jul/2019;22.5;949.0;884.0;39.0;30G;2.0G;7%;
21:01:36;05/Jul/2019;22.5;949.0;884.0;38.0;30G;2.0G;7%;
21:01:38;05/Jul/2019;22.5;949.0;885.0;36.0;30G;2.0G;7%;
21:01:41;05/Jul/2019;22.5;949.0;891.0;31.0;30G;2.0G;7%;
21:01:43;05/Jul/2019;22.5;949.0;884.0;40.0;30G;2.0G;7%;
21:01:46;05/Jul/2019;22.5;949.0;885.0;40.0;30G;2.0G;7%;
21:01:48;05/Jul/2019;22.5;949.0;885.0;39.0;30G;2.0G;7%;
21:01:50;05/Jul/2019;22.5;949.0;885.0;39.0;30G;2.0G;7%;
21:01:52;05/Jul/2019;22.5;949.0;881.0;45.0;30G;2.0G;7%;
21:01:55;05/Jul/2019;22.5;949.0;880.0;44.0;30G;2.0G;7%;
21:01:57;05/Jul/2019;22.5;949.0;881.0;43.0;30G;2.0G;7%;
21:01:59;05/Jul/2019;22.5;949.0;881.0;43.0;30G;2.0G;7%;
21:02:01;05/Jul/2019;22.5;949.0;883.0;40.0;30G;2.0G;7%;
21:02:04;05/Jul/2019;22.5;949.0;884.0;40.0;30G;2.0G;7%;
21:02:06;05/Jul/2019;22.5;949.0;884.0;38.0;30G;2.0G;7%;
21:02:08;05/Jul/2019;22.5;949.0;884.0;38.0;30G;2.0G;7%;
21:02:10;05/Jul/2019;22.5;949.0;884.0;38.0;30G;2.0G;7%;
21:02:12;05/Jul/2019;22.5;949.0;883.0;40.0;30G;2.0G;7%;
21:02:15;05/Jul/2019;22.5;949.0;880.0;41.0;30G;2.0G;7%;
21:02:17;05/Jul/2019;22.5;949.0;881.0;33.0;30G;2.0G;7%;
21:02:19;05/Jul/2019;22.5;949.0;882.0;30.0;30G;2.0G;7%;
21:02:21;05/Jul/2019;22.5;949.0;882.0;30.0;30G;2.0G;7%;
21:02:23;05/Jul/2019;22.5;949.0;884.0;28.0;30G;2.0G;7%;
21:02:26;05/Jul/2019;22.5;949.0;879.0;38.0;30G;2.0G;7%;
21:02:28;05/Jul/2019;22.5;949.0;878.0;38.0;30G;2.0G;7%;
21:02:31;05/Jul/2019;22.5;949.0;878.0;38.0;30G;2.0G;7%;
21:02:33;05/Jul/2019;22.5;949.0;879.0;38.0;30G;2.0G;7%;
21:02:35;05/Jul/2019;22.5;949.0;874.0;42.0;30G;2.0G;7%;
21:02:37;05/Jul/2019;22.5;949.0;873.0;42.0;30G;2.0G;7%;
21:02:39;05/Jul/2019;22.5;949.0;874.0;41.0;30G;2.0G;7%;
21:02:42;05/Jul/2019;22.5;949.0;874.0;40.0;30G;2.0G;7%;
21:02:44;05/Jul/2019;22.5;949.0;875.0;39.0;30G;2.0G;7%;
21:02:46;05/Jul/2019;22.5;949.0;875.0;38.0;30G;2.0G;7%;
21:02:48;05/Jul/2019;22.6;949.0;876.0;38.0;30G;2.0G;7%;
21:02:50;05/Jul/2019;22.6;949.0;876.0;36.0;30G;2.0G;7%;
21:02:53;05/Jul/2019;22.6;949.0;884.0;28.0;30G;2.0G;7%;
21:02:55;05/Jul/2019;22.6;949.0;881.0;41.0;30G;2.0G;7%;
21:03:01;05/Jul/2019;22.6;949.0;882.0;40.0;30G;2.0G;7%;
21:03:04;05/Jul/2019;22.6;949.0;883.0;40.0;30G;2.0G;7%;
21:03:06;05/Jul/2019;22.6;949.0;883.0;39.0;30G;2.0G;7%;
21:03:08;05/Jul/2019;22.6;949.0;883.0;38.0;30G;2.0G;7%;
21:03:10;05/Jul/2019;22.6;949.0;883.0;38.0;30G;2.0G;7%;
21:03:13;05/Jul/2019;22.6;949.0;883.0;38.0;30G;2.0G;7%;
21:03:15;05/Jul/2019;22.6;949.0;886.0;35.0;30G;2.0G;7%;
21:03:17;05/Jul/2019;22.6;949.0;878.0;45.0;30G;2.0G;7%;
21:03:19;05/Jul/2019;22.6;949.0;878.0;45.0;30G;2.0G;7%;
21:03:21;05/Jul/2019;22.6;949.0;877.0;45.0;30G;2.0G;7%;
21:03:24;05/Jul/2019;22.6;949.0;877.0;44.0;30G;2.0G;7%;
21:03:26;05/Jul/2019;22.6;949.0;878.0;44.0;30G;2.0G;7%;
21:03:28;05/Jul/2019;22.6;949.0;875.0;45.0;30G;2.0G;7%;
21:03:30;05/Jul/2019;22.6;949.0;875.0;39.0;30G;2.0G;7%;
21:03:33;05/Jul/2019;22.6;949.0;876.0;37.0;30G;2.0G;7%;
21:03:35;05/Jul/2019;22.6;949.0;877.0;36.0;30G;2.0G;7%;
21:03:37;05/Jul/2019;22.6;949.0;877.0;35.0;30G;2.0G;7%;
21:03:39;05/Jul/2019;22.6;949.0;878.0;33.0;30G;2.0G;7%;
21:03:41;05/Jul/2019;22.6;949.0;863.0;52.0;30G;2.0G;7%;
21:03:44;05/Jul/2019;22.6;949.0;863.0;52.0;30G;2.0G;7%;
21:03:46;05/Jul/2019;22.6;949.0;863.0;52.0;30G;2.0G;7%;
21:03:48;05/Jul/2019;22.6;949.0;863.0;52.0;30G;2.0G;7%;
21:03:50;05/Jul/2019;22.6;949.0;875.0;40.0;30G;2.0G;7%;
21:03:53;05/Jul/2019;22.6;949.0;864.0;52.0;30G;2.0G;7%;
21:03:55;05/Jul/2019;22.6;949.0;864.0;51.0;30G;2.0G;7%;
21:03:57;05/Jul/2019;22.6;949.0;864.0;51.0;30G;2.0G;7%;
21:03:59;05/Jul/2019;22.6;949.0;865.0;49.0;30G;2.0G;7%;
21:04:01;05/Jul/2019;22.6;949.0;866.0;49.0;30G;2.0G;7%;